"Pr. indbygger, løbende priser (kr.)","I alt (netto)","0.28.20 Grønne områder og naturpladser","Hele landet",194
"Pr. indbygger, løbende priser (kr.)","I alt (netto)","0.28.20 Grønne områder og naturpladser","København",266
"Pr. indbygger, løbende priser (kr.)","I alt (netto)","0.28.20 Grønne områder og naturpladser","Frederiksberg",222
"Pr. indbygger, løbende priser (kr.)","I alt (netto)","0.28.20 Grønne områder og naturpladser","Dragør",15
"Pr. indbygger, løbende priser (kr.)","I alt (netto)","0.28.20 Grønne områder og naturpladser","Tårnby",189
"Pr. indbygger, løbende priser (kr.)","I alt (netto)","0.28.20 Grønne områder og naturpladser","Albertslund",150
"Pr. indbygger, løbende priser (kr.)","I alt (netto)","0.28.20 Grønne områder og naturpladser","Ballerup",287
"Pr. indbygger, løbende priser (kr.)","I alt (netto)","0.28.20 Grønne områder og naturpladser","Brøndby",379
"Pr. indbygger, løbende priser (kr.)","I alt (netto)","0.28.20 Grønne områder og naturpladser","Gentofte",281
"Pr. indbygger, løbende priser (kr.)","I alt (netto)","0.28.20 Grønne områder og naturpladser","Gladsaxe",331
"Pr. indbygger, løbende priser (kr.)","I alt (netto)","0.28.20 Grønne områder og naturpladser","Glostrup",449
"Pr. indbygger, løbende priser (kr.)","I alt (netto)","0.28.20 Grønne områder og naturpladser","Herlev",224
"Pr. indbygger, løbende priser (kr.)","I alt (netto)","0.28.20 Grønne områder og naturpladser","Hvidovre",339
"Pr. indbygger, løbende priser (kr.)","I alt (netto)","0.28.20 Grønne områder og naturpladser","Høje-Taastrup",187
"Pr. indbygger, løbende priser (kr.)","I alt (netto)","0.28.20 Grønne områder og naturpladser","Ishøj",646
"Pr. indbygger, løbende priser (kr.)","I alt (netto)","0.28.20 Grønne områder og naturpladser","Lyngby-Taarbæk",313
"Pr. indbygger, løbende priser (kr.)","I alt (netto)","0.28.20 Grønne områder og naturpladser","Rødovre",277
"Pr. indbygger, løbende priser (kr.)","I alt (netto)","0.28.20 Grønne områder og naturpladser","Vallensbæk",429
"Pr. indbygger, løbende priser (kr.)","I alt (netto)","0.28.20 Grønne områder og naturpladser","Allerød",4
"Pr. indbygger, løbende priser (kr.)","I alt (netto)","0.28.20 Grønne områder og naturpladser","Egedal",199
"Pr. indbygger, løbende priser (kr.)","I alt (netto)","0.28.20 Grønne områder og naturpladser","Fredensborg",111
"Pr. indbygger, løbende priser (kr.)","I alt (netto)","0.28.20 Grønne områder og naturpladser","Frederikssund",82
"Pr. indbygger, løbende priser (kr.)","I alt (netto)","0.28.20 Grønne områder og naturpladser","Furesø",82
"Pr. indbygger, løbende priser (kr.)","I alt (netto)","0.28.20 Grønne områder og naturpladser","Gribskov",90
"Pr. indbygger, løbende priser (kr.)","I alt (netto)","0.28.20 Grønne områder og naturpladser","Halsnæs",167
"Pr. indbygger, løbende priser (kr.)","I alt (netto)","0.28.20 Grønne områder og naturpladser","Helsingør",104
"Pr. indbygger, løbende priser (kr.)","I alt (netto)","0.28.20 Grønne områder og naturpladser","Hillerød",88
"Pr. indbygger, løbende priser (kr.)","I alt (netto)","0.28.20 Grønne områder og naturpladser","Hørsholm",165
"Pr. indbygger, løbende priser (kr.)","I alt (netto)","0.28.20 Grønne områder og naturpladser","Rudersdal",263
"Pr. indbygger, løbende priser (kr.)","I alt (netto)","0.28.20 Grønne områder og naturpladser","Bornholm",164
"Pr. indbygger, løbende priser (kr.)","I alt (netto)","0.28.20 Grønne områder og naturpladser","Greve",318
"Pr. indbygger, løbende priser (kr.)","I alt (netto)","0.28.20 Grønne områder og naturpladser","Køge",42
"Pr. indbygger, løbende priser (kr.)","I alt (netto)","0.28.20 Grønne områder og naturpladser","Lejre",108
"Pr. indbygger, løbende priser (kr.)","I alt (netto)","0.28.20 Grønne områder og naturpladser","Roskilde",241
"Pr. indbygger, løbende priser (kr.)","I alt (netto)","0.28.20 Grønne områder og naturpladser","Solrød",233
"Pr. indbygger, løbende priser (kr.)","I alt (netto)","0.28.20 Grønne områder og naturpladser","Faxe",91
"Pr. indbygger, løbende priser (kr.)","I alt (netto)","0.28.20 Grønne områder og naturpladser","Guldborgsund",229
"Pr. indbygger, løbende priser (kr.)","I alt (netto)","0.28.20 Grønne områder og naturpladser","Holbæk",139
"Pr. indbygger, løbende priser (kr.)","I alt (netto)","0.28.20 Grønne områder og naturpladser","Kalundborg",278
"Pr. indbygger, løbende priser (kr.)","I alt (netto)","0.28.20 Grønne områder og naturpladser","Lolland",282
"Pr. indbygger, løbende priser (kr.)","I alt (netto)","0.28.20 Grønne områder og naturpladser","Næstved",138
"Pr. indbygger, løbende priser (kr.)","I alt (netto)","0.28.20 Grønne områder og naturpladser","Odsherred",154
"Pr. indbygger, løbende priser (kr.)","I alt (netto)","0.28.20 Grønne områder og naturpladser","Ringsted",169
"Pr. indbygger, løbende priser (kr.)","I alt (netto)","0.28.20 Grønne områder og naturpladser","Slagelse",298
"Pr. indbygger, løbende priser (kr.)","I alt (netto)","0.28.20 Grønne områder og naturpladser","Sorø",6
"Pr. indbygger, løbende priser (kr.)","I alt (netto)","0.28.20 Grønne områder og naturpladser","Stevns",176
"Pr. indbygger, løbende priser (kr.)","I alt (netto)","0.28.20 Grønne områder og naturpladser","Vordingborg",80
"Pr. indbygger, løbende priser (kr.)","I alt (netto)","0.28.20 Grønne områder og naturpladser","Assens",181
"Pr. indbygger, løbende priser (kr.)","I alt (netto)","0.28.20 Grønne områder og naturpladser","Faaborg-Midtfyn",186
"Pr. indbygger, løbende priser (kr.)","I alt (netto)","0.28.20 Grønne områder og naturpladser","Kerteminde",126
"Pr. indbygger, løbende priser (kr.)","I alt (netto)","0.28.20 Grønne områder og naturpladser","Langeland",284
"Pr. indbygger, løbende priser (kr.)","I alt (netto)","0.28.20 Grønne områder og naturpladser","Middelfart",99
"Pr. indbygger, løbende priser (kr.)","I alt (netto)","0.28.20 Grønne områder og naturpladser","Nordfyns",91
"Pr. indbygger, løbende priser (kr.)","I alt (netto)","0.28.20 Grønne områder og naturpladser","Nyborg",255
"Pr. indbygger, løbende priser (kr.)","I alt (netto)","0.28.20 Grønne områder og naturpladser","Odense",165
"Pr. indbygger, løbende priser (kr.)","I alt (netto)","0.28.20 Grønne områder og naturpladser","Svendborg",83
"Pr. indbygger, løbende priser (kr.)","I alt (netto)","0.28.20 Grønne områder og naturpladser","Ærø",42
"Pr. indbygger, løbende priser (kr.)","I alt (netto)","0.28.20 Grønne områder og naturpladser","Billund",21
"Pr. indbygger, løbende priser (kr.)","I alt (netto)","0.28.20 Grønne områder og naturpladser","Esbjerg",201
"Pr. indbygger, løbende priser (kr.)","I alt (netto)","0.28.20 Grønne områder og naturpladser","Fanø",189
"Pr. indbygger, løbende priser (kr.)","I alt (netto)","0.28.20 Grønne områder og naturpladser","Fredericia",174
"Pr. indbygger, løbende priser (kr.)","I alt (netto)","0.28.20 Grønne områder og naturpladser","Haderslev",231
"Pr. indbygger, løbende priser (kr.)","I alt (netto)","0.28.20 Grønne områder og naturpladser","Kolding",141
"Pr. indbygger, løbende priser (kr.)","I alt (netto)","0.28.20 Grønne områder og naturpladser","Sønderborg",267
"Pr. indbygger, løbende priser (kr.)","I alt (netto)","0.28.20 Grønne områder og naturpladser","Tønder",202
"Pr. indbygger, løbende priser (kr.)","I alt (netto)","0.28.20 Grønne områder og naturpladser","Varde",252
"Pr. indbygger, løbende priser (kr.)","I alt (netto)","0.28.20 Grønne områder og naturpladser","Vejen",45
"Pr. indbygger, løbende priser (kr.)","I alt (netto)","0.28.20 Grønne områder og naturpladser","Vejle",247
"Pr. indbygger, løbende priser (kr.)","I alt (netto)","0.28.20 Grønne områder og naturpladser","Aabenraa",189
"Pr. indbygger, løbende priser (kr.)","I alt (netto)","0.28.20 Grønne områder og naturpladser","Favrskov",193
"Pr. indbygger, løbende priser (kr.)","I alt (netto)","0.28.20 Grønne områder og naturpladser","Hedensted",23
"Pr. indbygger, løbende priser (kr.)","I alt (netto)","0.28.20 Grønne områder og naturpladser","Horsens",97
"Pr. indbygger, løbende priser (kr.)","I alt (netto)","0.28.20 Grønne områder og naturpladser","Norddjurs",55
"Pr. indbygger, løbende priser (kr.)","I alt (netto)","0.28.20 Grønne områder og naturpladser","Odder",42
"Pr. indbygger, løbende priser (kr.)","I alt (netto)","0.28.20 Grønne områder og naturpladser","Randers",146
"Pr. indbygger, løbende priser (kr.)","I alt (netto)","0.28.20 Grønne områder og naturpladser","Samsø",1
"Pr. indbygger, løbende priser (kr.)","I alt (netto)","0.28.20 Grønne områder og naturpladser","Silkeborg",67
"Pr. indbygger, løbende priser (kr.)","I alt (netto)","0.28.20 Grønne områder og naturpladser","Skanderborg",57
"Pr. indbygger, løbende priser (kr.)","I alt (netto)","0.28.20 Grønne områder og naturpladser","Syddjurs",84
"Pr. indbygger, løbende priser (kr.)","I alt (netto)","0.28.20 Grønne områder og naturpladser","Aarhus",168
"Pr. indbygger, løbende priser (kr.)","I alt (netto)","0.28.20 Grønne områder og naturpladser","Herning",222
"Pr. indbygger, løbende priser (kr.)","I alt (netto)","0.28.20 Grønne områder og naturpladser","Holstebro",166
"Pr. indbygger, løbende priser (kr.)","I alt (netto)","0.28.20 Grønne områder og naturpladser","Ikast-Brande",220
"Pr. indbygger, løbende priser (kr.)","I alt (netto)","0.28.20 Grønne områder og naturpladser","Lemvig",282
"Pr. indbygger, løbende priser (kr.)","I alt (netto)","0.28.20 Grønne områder og naturpladser","Ringkøbing-Skjern",136
"Pr. indbygger, løbende priser (kr.)","I alt (netto)","0.28.20 Grønne områder og naturpladser","Skive",130
"Pr. indbygger, løbende priser (kr.)","I alt (netto)","0.28.20 Grønne områder og naturpladser","Struer",4
"Pr. indbygger, løbende priser (kr.)","I alt (netto)","0.28.20 Grønne områder og naturpladser","Viborg",119
"Pr. indbygger, løbende priser (kr.)","I alt (netto)","0.28.20 Grønne områder og naturpladser","Brønderslev",287
"Pr. indbygger, løbende priser (kr.)","I alt (netto)","0.28.20 Grønne områder og naturpladser","Frederikshavn",186
"Pr. indbygger, løbende priser (kr.)","I alt (netto)","0.28.20 Grønne områder og naturpladser","Hjørring",141
"Pr. indbygger, løbende priser (kr.)","I alt (netto)","0.28.20 Grønne områder og naturpladser","Jammerbugt",311
"Pr. indbygger, løbende priser (kr.)","I alt (netto)","0.28.20 Grønne områder og naturpladser","Læsø",402
"Pr. indbygger, løbende priser (kr.)","I alt (netto)","0.28.20 Grønne områder og naturpladser","Mariagerfjord",227
"Pr. indbygger, løbende priser (kr.)","I alt (netto)","0.28.20 Grønne områder og naturpladser","Morsø",288
"Pr. indbygger, løbende priser (kr.)","I alt (netto)","0.28.20 Grønne områder og naturpladser","Rebild",185
"Pr. indbygger, løbende priser (kr.)","I alt (netto)","0.28.20 Grønne områder og naturpladser","Thisted",189
"Pr. indbygger, løbende priser (kr.)","I alt (netto)","0.28.20 Grønne områder og naturpladser","Vesthimmerlands",262
"Pr. indbygger, løbende priser (kr.)","I alt (netto)","0.28.20 Grønne områder og naturpladser","Aalborg",269
"Pr. indbygger, løbende priser (kr.)","I alt (netto)","0.32.31 Stadion og idrætsanlæg","Hele landet",343
"Pr. indbygger, løbende priser (kr.)","I alt (netto)","0.32.31 Stadion og idrætsanlæg","København",273
"Pr. indbygger, løbende priser (kr.)","I alt (netto)","0.32.31 Stadion og idrætsanlæg","Frederiksberg",340
"Pr. indbygger, løbende priser (kr.)","I alt (netto)","0.32.31 Stadion og idrætsanlæg","Dragør",734
"Pr. indbygger, løbende priser (kr.)","I alt (netto)","0.32.31 Stadion og idrætsanlæg","Tårnby",1085
"Pr. indbygger, løbende priser (kr.)","I alt (netto)","0.32.31 Stadion og idrætsanlæg","Albertslund",915
"Pr. indbygger, løbende priser (kr.)","I alt (netto)","0.32.31 Stadion og idrætsanlæg","Ballerup",469
"Pr. indbygger, løbende priser (kr.)","I alt (netto)","0.32.31 Stadion og idrætsanlæg","Brøndby",348
"Pr. indbygger, løbende priser (kr.)","I alt (netto)","0.32.31 Stadion og idrætsanlæg","Gentofte",860
"Pr. indbygger, løbende priser (kr.)","I alt (netto)","0.32.31 Stadion og idrætsanlæg","Gladsaxe",624
"Pr. indbygger, løbende priser (kr.)","I alt (netto)","0.32.31 Stadion og idrætsanlæg","Glostrup",691
"Pr. indbygger, løbende priser (kr.)","I alt (netto)","0.32.31 Stadion og idrætsanlæg","Herlev",950
"Pr. indbygger, løbende priser (kr.)","I alt (netto)","0.32.31 Stadion og idrætsanlæg","Hvidovre",803
"Pr. indbygger, løbende priser (kr.)","I alt (netto)","0.32.31 Stadion og idrætsanlæg","Høje-Taastrup",625
"Pr. indbygger, løbende priser (kr.)","I alt (netto)","0.32.31 Stadion og idrætsanlæg","Ishøj",898
"Pr. indbygger, løbende priser (kr.)","I alt (netto)","0.32.31 Stadion og idrætsanlæg","Lyngby-Taarbæk",447
"Pr. indbygger, løbende priser (kr.)","I alt (netto)","0.32.31 Stadion og idrætsanlæg","Rødovre",624
"Pr. indbygger, løbende priser (kr.)","I alt (netto)","0.32.31 Stadion og idrætsanlæg","Vallensbæk",15
"Pr. indbygger, løbende priser (kr.)","I alt (netto)","0.32.31 Stadion og idrætsanlæg","Allerød",44
"Pr. indbygger, løbende priser (kr.)","I alt (netto)","0.32.31 Stadion og idrætsanlæg","Egedal",530
"Pr. indbygger, løbende priser (kr.)","I alt (netto)","0.32.31 Stadion og idrætsanlæg","Fredensborg",340
"Pr. indbygger, løbende priser (kr.)","I alt (netto)","0.32.31 Stadion og idrætsanlæg","Frederikssund",0
"Pr. indbygger, løbende priser (kr.)","I alt (netto)","0.32.31 Stadion og idrætsanlæg","Furesø",895
"Pr. indbygger, løbende priser (kr.)","I alt (netto)","0.32.31 Stadion og idrætsanlæg","Gribskov",821
"Pr. indbygger, løbende priser (kr.)","I alt (netto)","0.32.31 Stadion og idrætsanlæg","Halsnæs",345
"Pr. indbygger, løbende priser (kr.)","I alt (netto)","0.32.31 Stadion og idrætsanlæg","Helsingør",517
"Pr. indbygger, løbende priser (kr.)","I alt (netto)","0.32.31 Stadion og idrætsanlæg","Hillerød",824
"Pr. indbygger, løbende priser (kr.)","I alt (netto)","0.32.31 Stadion og idrætsanlæg","Hørsholm",611
"Pr. indbygger, løbende priser (kr.)","I alt (netto)","0.32.31 Stadion og idrætsanlæg","Rudersdal",567
"Pr. indbygger, løbende priser (kr.)","I alt (netto)","0.32.31 Stadion og idrætsanlæg","Bornholm",0
"Pr. indbygger, løbende priser (kr.)","I alt (netto)","0.32.31 Stadion og idrætsanlæg","Greve",303
"Pr. indbygger, løbende priser (kr.)","I alt (netto)","0.32.31 Stadion og idrætsanlæg","Køge",573
"Pr. indbygger, løbende priser (kr.)","I alt (netto)","0.32.31 Stadion og idrætsanlæg","Lejre",327
"Pr. indbygger, løbende priser (kr.)","I alt (netto)","0.32.31 Stadion og idrætsanlæg","Roskilde",662
"Pr. indbygger, løbende priser (kr.)","I alt (netto)","0.32.31 Stadion og idrætsanlæg","Solrød",512
"Pr. indbygger, løbende priser (kr.)","I alt (netto)","0.32.31 Stadion og idrætsanlæg","Faxe",281
"Pr. indbygger, løbende priser (kr.)","I alt (netto)","0.32.31 Stadion og idrætsanlæg","Guldborgsund",8
"Pr. indbygger, løbende priser (kr.)","I alt (netto)","0.32.31 Stadion og idrætsanlæg","Holbæk",343
"Pr. indbygger, løbende priser (kr.)","I alt (netto)","0.32.31 Stadion og idrætsanlæg","Kalundborg",0
"Pr. indbygger, løbende priser (kr.)","I alt (netto)","0.32.31 Stadion og idrætsanlæg","Lolland",63
"Pr. indbygger, løbende priser (kr.)","I alt (netto)","0.32.31 Stadion og idrætsanlæg","Næstved",345
"Pr. indbygger, løbende priser (kr.)","I alt (netto)","0.32.31 Stadion og idrætsanlæg","Odsherred",486
"Pr. indbygger, løbende priser (kr.)","I alt (netto)","0.32.31 Stadion og idrætsanlæg","Ringsted",399
"Pr. indbygger, løbende priser (kr.)","I alt (netto)","0.32.31 Stadion og idrætsanlæg","Slagelse",672
"Pr. indbygger, løbende priser (kr.)","I alt (netto)","0.32.31 Stadion og idrætsanlæg","Sorø",28
"Pr. indbygger, løbende priser (kr.)","I alt (netto)","0.32.31 Stadion og idrætsanlæg","Stevns",530
"Pr. indbygger, løbende priser (kr.)","I alt (netto)","0.32.31 Stadion og idrætsanlæg","Vordingborg",453
"Pr. indbygger, løbende priser (kr.)","I alt (netto)","0.32.31 Stadion og idrætsanlæg","Assens",206
"Pr. indbygger, løbende priser (kr.)","I alt (netto)","0.32.31 Stadion og idrætsanlæg","Faaborg-Midtfyn",52
"Pr. indbygger, løbende priser (kr.)","I alt (netto)","0.32.31 Stadion og idrætsanlæg","Kerteminde",490
"Pr. indbygger, løbende priser (kr.)","I alt (netto)","0.32.31 Stadion og idrætsanlæg","Langeland",115
"Pr. indbygger, løbende priser (kr.)","I alt (netto)","0.32.31 Stadion og idrætsanlæg","Middelfart",238
"Pr. indbygger, løbende priser (kr.)","I alt (netto)","0.32.31 Stadion og idrætsanlæg","Nordfyns",297
"Pr. indbygger, løbende priser (kr.)","I alt (netto)","0.32.31 Stadion og idrætsanlæg","Nyborg",154
"Pr. indbygger, løbende priser (kr.)","I alt (netto)","0.32.31 Stadion og idrætsanlæg","Odense",299
"Pr. indbygger, løbende priser (kr.)","I alt (netto)","0.32.31 Stadion og idrætsanlæg","Svendborg",428
"Pr. indbygger, løbende priser (kr.)","I alt (netto)","0.32.31 Stadion og idrætsanlæg","Ærø",81
"Pr. indbygger, løbende priser (kr.)","I alt (netto)","0.32.31 Stadion og idrætsanlæg","Billund",206
"Pr. indbygger, løbende priser (kr.)","I alt (netto)","0.32.31 Stadion og idrætsanlæg","Esbjerg",283
"Pr. indbygger, løbende priser (kr.)","I alt (netto)","0.32.31 Stadion og idrætsanlæg","Fanø",54
"Pr. indbygger, løbende priser (kr.)","I alt (netto)","0.32.31 Stadion og idrætsanlæg","Fredericia",439
"Pr. indbygger, løbende priser (kr.)","I alt (netto)","0.32.31 Stadion og idrætsanlæg","Haderslev",312
"Pr. indbygger, løbende priser (kr.)","I alt (netto)","0.32.31 Stadion og idrætsanlæg","Kolding",683
"Pr. indbygger, løbende priser (kr.)","I alt (netto)","0.32.31 Stadion og idrætsanlæg","Sønderborg",46
"Pr. indbygger, løbende priser (kr.)","I alt (netto)","0.32.31 Stadion og idrætsanlæg","Tønder",548
"Pr. indbygger, løbende priser (kr.)","I alt (netto)","0.32.31 Stadion og idrætsanlæg","Varde",2
"Pr. indbygger, løbende priser (kr.)","I alt (netto)","0.32.31 Stadion og idrætsanlæg","Vejen",0
"Pr. indbygger, løbende priser (kr.)","I alt (netto)","0.32.31 Stadion og idrætsanlæg","Vejle",504
"Pr. indbygger, løbende priser (kr.)","I alt (netto)","0.32.31 Stadion og idrætsanlæg","Aabenraa",0
"Pr. indbygger, løbende priser (kr.)","I alt (netto)","0.32.31 Stadion og idrætsanlæg","Favrskov",4
"Pr. indbygger, løbende priser (kr.)","I alt (netto)","0.32.31 Stadion og idrætsanlæg","Hedensted",73
"Pr. indbygger, løbende priser (kr.)","I alt (netto)","0.32.31 Stadion og idrætsanlæg","Horsens",598
"Pr. indbygger, løbende priser (kr.)","I alt (netto)","0.32.31 Stadion og idrætsanlæg","Norddjurs",231
"Pr. indbygger, løbende priser (kr.)","I alt (netto)","0.32.31 Stadion og idrætsanlæg","Odder",309
"Pr. indbygger, løbende priser (kr.)","I alt (netto)","0.32.31 Stadion og idrætsanlæg","Randers",168
"Pr. indbygger, løbende priser (kr.)","I alt (netto)","0.32.31 Stadion og idrætsanlæg","Samsø",0
"Pr. indbygger, løbende priser (kr.)","I alt (netto)","0.32.31 Stadion og idrætsanlæg","Silkeborg",139
"Pr. indbygger, løbende priser (kr.)","I alt (netto)","0.32.31 Stadion og idrætsanlæg","Skanderborg",31
"Pr. indbygger, løbende priser (kr.)","I alt (netto)","0.32.31 Stadion og idrætsanlæg","Syddjurs",141
"Pr. indbygger, løbende priser (kr.)","I alt (netto)","0.32.31 Stadion og idrætsanlæg","Aarhus",187
"Pr. indbygger, løbende priser (kr.)","I alt (netto)","0.32.31 Stadion og idrætsanlæg","Herning",259
"Pr. indbygger, løbende priser (kr.)","I alt (netto)","0.32.31 Stadion og idrætsanlæg","Holstebro",310
"Pr. indbygger, løbende priser (kr.)","I alt (netto)","0.32.31 Stadion og idrætsanlæg","Ikast-Brande",600
"Pr. indbygger, løbende priser (kr.)","I alt (netto)","0.32.31 Stadion og idrætsanlæg","Lemvig",706
"Pr. indbygger, løbende priser (kr.)","I alt (netto)","0.32.31 Stadion og idrætsanlæg","Ringkøbing-Skjern",473
"Pr. indbygger, løbende priser (kr.)","I alt (netto)","0.32.31 Stadion og idrætsanlæg","Skive",817
"Pr. indbygger, løbende priser (kr.)","I alt (netto)","0.32.31 Stadion og idrætsanlæg","Struer",436
"Pr. indbygger, løbende priser (kr.)","I alt (netto)","0.32.31 Stadion og idrætsanlæg","Viborg",108
"Pr. indbygger, løbende priser (kr.)","I alt (netto)","0.32.31 Stadion og idrætsanlæg","Brønderslev",600
"Pr. indbygger, løbende priser (kr.)","I alt (netto)","0.32.31 Stadion og idrætsanlæg","Frederikshavn",532
"Pr. indbygger, løbende priser (kr.)","I alt (netto)","0.32.31 Stadion og idrætsanlæg","Hjørring",2
"Pr. indbygger, løbende priser (kr.)","I alt (netto)","0.32.31 Stadion og idrætsanlæg","Jammerbugt",356
"Pr. indbygger, løbende priser (kr.)","I alt (netto)","0.32.31 Stadion og idrætsanlæg","Læsø",82
"Pr. indbygger, løbende priser (kr.)","I alt (netto)","0.32.31 Stadion og idrætsanlæg","Mariagerfjord",259
"Pr. indbygger, løbende priser (kr.)","I alt (netto)","0.32.31 Stadion og idrætsanlæg","Morsø",28
"Pr. indbygger, løbende priser (kr.)","I alt (netto)","0.32.31 Stadion og idrætsanlæg","Rebild",0
"Pr. indbygger, løbende priser (kr.)","I alt (netto)","0.32.31 Stadion og idrætsanlæg","Thisted",2
"Pr. indbygger, løbende priser (kr.)","I alt (netto)","0.32.31 Stadion og idrætsanlæg","Vesthimmerlands",624
"Pr. indbygger, løbende priser (kr.)","I alt (netto)","0.32.31 Stadion og idrætsanlæg","Aalborg",72
"Pr. indbygger, løbende priser (kr.)","I alt (netto)","2.28.11 Vejvedligeholdelse m.v.","Hele landet",512
"Pr. indbygger, løbende priser (kr.)","I alt (netto)","2.28.11 Vejvedligeholdelse m.v.","København",493
"Pr. indbygger, løbende priser (kr.)","I alt (netto)","2.28.11 Vejvedligeholdelse m.v.","Frederiksberg",324
"Pr. indbygger, løbende priser (kr.)","I alt (netto)","2.28.11 Vejvedligeholdelse m.v.","Dragør",153
"Pr. indbygger, løbende priser (kr.)","I alt (netto)","2.28.11 Vejvedligeholdelse m.v.","Tårnby",259
"Pr. indbygger, løbende priser (kr.)","I alt (netto)","2.28.11 Vejvedligeholdelse m.v.","Albertslund",1002
"Pr. indbygger, løbende priser (kr.)","I alt (netto)","2.28.11 Vejvedligeholdelse m.v.","Ballerup",373
"Pr. indbygger, løbende priser (kr.)","I alt (netto)","2.28.11 Vejvedligeholdelse m.v.","Brøndby",490
"Pr. indbygger, løbende priser (kr.)","I alt (netto)","2.28.11 Vejvedligeholdelse m.v.","Gentofte",228
"Pr. indbygger, løbende priser (kr.)","I alt (netto)","2.28.11 Vejvedligeholdelse m.v.","Gladsaxe",599
"Pr. indbygger, løbende priser (kr.)","I alt (netto)","2.28.11 Vejvedligeholdelse m.v.","Glostrup",545
"Pr. indbygger, løbende priser (kr.)","I alt (netto)","2.28.11 Vejvedligeholdelse m.v.","Herlev",251
"Pr. indbygger, løbende priser (kr.)","I alt (netto)","2.28.11 Vejvedligeholdelse m.v.","Hvidovre",469
"Pr. indbygger, løbende priser (kr.)","I alt (netto)","2.28.11 Vejvedligeholdelse m.v.","Høje-Taastrup",613
"Pr. indbygger, løbende priser (kr.)","I alt (netto)","2.28.11 Vejvedligeholdelse m.v.","Ishøj",438
"Pr. indbygger, løbende priser (kr.)","I alt (netto)","2.28.11 Vejvedligeholdelse m.v.","Lyngby-Taarbæk",755
"Pr. indbygger, løbende priser (kr.)","I alt (netto)","2.28.11 Vejvedligeholdelse m.v.","Rødovre",619
"Pr. indbygger, løbende priser (kr.)","I alt (netto)","2.28.11 Vejvedligeholdelse m.v.","Vallensbæk",640
"Pr. indbygger, løbende priser (kr.)","I alt (netto)","2.28.11 Vejvedligeholdelse m.v.","Allerød",549
"Pr. indbygger, løbende priser (kr.)","I alt (netto)","2.28.11 Vejvedligeholdelse m.v.","Egedal",439
"Pr. indbygger, løbende priser (kr.)","I alt (netto)","2.28.11 Vejvedligeholdelse m.v.","Fredensborg",598
"Pr. indbygger, løbende priser (kr.)","I alt (netto)","2.28.11 Vejvedligeholdelse m.v.","Frederikssund",302
"Pr. indbygger, løbende priser (kr.)","I alt (netto)","2.28.11 Vejvedligeholdelse m.v.","Furesø",510
"Pr. indbygger, løbende priser (kr.)","I alt (netto)","2.28.11 Vejvedligeholdelse m.v.","Gribskov",576
"Pr. indbygger, løbende priser (kr.)","I alt (netto)","2.28.11 Vejvedligeholdelse m.v.","Halsnæs",416
"Pr. indbygger, løbende priser (kr.)","I alt (netto)","2.28.11 Vejvedligeholdelse m.v.","Helsingør",772
"Pr. indbygger, løbende priser (kr.)","I alt (netto)","2.28.11 Vejvedligeholdelse m.v.","Hillerød",443
"Pr. indbygger, løbende priser (kr.)","I alt (netto)","2.28.11 Vejvedligeholdelse m.v.","Hørsholm",513
"Pr. indbygger, løbende priser (kr.)","I alt (netto)","2.28.11 Vejvedligeholdelse m.v.","Rudersdal",837
"Pr. indbygger, løbende priser (kr.)","I alt (netto)","2.28.11 Vejvedligeholdelse m.v.","Bornholm",1024
"Pr. indbygger, løbende priser (kr.)","I alt (netto)","2.28.11 Vejvedligeholdelse m.v.","Greve",342
"Pr. indbygger, løbende priser (kr.)","I alt (netto)","2.28.11 Vejvedligeholdelse m.v.","Køge",518
"Pr. indbygger, løbende priser (kr.)","I alt (netto)","2.28.11 Vejvedligeholdelse m.v.","Lejre",290
"Pr. indbygger, løbende priser (kr.)","I alt (netto)","2.28.11 Vejvedligeholdelse m.v.","Roskilde",641
"Pr. indbygger, løbende priser (kr.)","I alt (netto)","2.28.11 Vejvedligeholdelse m.v.","Solrød",592
"Pr. indbygger, løbende priser (kr.)","I alt (netto)","2.28.11 Vejvedligeholdelse m.v.","Faxe",123
"Pr. indbygger, løbende priser (kr.)","I alt (netto)","2.28.11 Vejvedligeholdelse m.v.","Guldborgsund",576
"Pr. indbygger, løbende priser (kr.)","I alt (netto)","2.28.11 Vejvedligeholdelse m.v.","Holbæk",174
"Pr. indbygger, løbende priser (kr.)","I alt (netto)","2.28.11 Vejvedligeholdelse m.v.","Kalundborg",380
"Pr. indbygger, løbende priser (kr.)","I alt (netto)","2.28.11 Vejvedligeholdelse m.v.","Lolland",837
"Pr. indbygger, løbende priser (kr.)","I alt (netto)","2.28.11 Vejvedligeholdelse m.v.","Næstved",435
"Pr. indbygger, løbende priser (kr.)","I alt (netto)","2.28.11 Vejvedligeholdelse m.v.","Odsherred",296
"Pr. indbygger, løbende priser (kr.)","I alt (netto)","2.28.11 Vejvedligeholdelse m.v.","Ringsted",531
"Pr. indbygger, løbende priser (kr.)","I alt (netto)","2.28.11 Vejvedligeholdelse m.v.","Slagelse",639
"Pr. indbygger, løbende priser (kr.)","I alt (netto)","2.28.11 Vejvedligeholdelse m.v.","Sorø",235
"Pr. indbygger, løbende priser (kr.)","I alt (netto)","2.28.11 Vejvedligeholdelse m.v.","Stevns",446
"Pr. indbygger, løbende priser (kr.)","I alt (netto)","2.28.11 Vejvedligeholdelse m.v.","Vordingborg",279
"Pr. indbygger, løbende priser (kr.)","I alt (netto)","2.28.11 Vejvedligeholdelse m.v.","Assens",696
"Pr. indbygger, løbende priser (kr.)","I alt (netto)","2.28.11 Vejvedligeholdelse m.v.","Faaborg-Midtfyn",597
"Pr. indbygger, løbende priser (kr.)","I alt (netto)","2.28.11 Vejvedligeholdelse m.v.","Kerteminde",581
"Pr. indbygger, løbende priser (kr.)","I alt (netto)","2.28.11 Vejvedligeholdelse m.v.","Langeland",848
"Pr. indbygger, løbende priser (kr.)","I alt (netto)","2.28.11 Vejvedligeholdelse m.v.","Middelfart",593
"Pr. indbygger, løbende priser (kr.)","I alt (netto)","2.28.11 Vejvedligeholdelse m.v.","Nordfyns",607
"Pr. indbygger, løbende priser (kr.)","I alt (netto)","2.28.11 Vejvedligeholdelse m.v.","Nyborg",622
"Pr. indbygger, løbende priser (kr.)","I alt (netto)","2.28.11 Vejvedligeholdelse m.v.","Odense",798
"Pr. indbygger, løbende priser (kr.)","I alt (netto)","2.28.11 Vejvedligeholdelse m.v.","Svendborg",553
"Pr. indbygger, løbende priser (kr.)","I alt (netto)","2.28.11 Vejvedligeholdelse m.v.","Ærø",232
"Pr. indbygger, løbende priser (kr.)","I alt (netto)","2.28.11 Vejvedligeholdelse m.v.","Billund",161
"Pr. indbygger, løbende priser (kr.)","I alt (netto)","2.28.11 Vejvedligeholdelse m.v.","Esbjerg",796
"Pr. indbygger, løbende priser (kr.)","I alt (netto)","2.28.11 Vejvedligeholdelse m.v.","Fanø",1172
"Pr. indbygger, løbende priser (kr.)","I alt (netto)","2.28.11 Vejvedligeholdelse m.v.","Fredericia",363
"Pr. indbygger, løbende priser (kr.)","I alt (netto)","2.28.11 Vejvedligeholdelse m.v.","Haderslev",582
"Pr. indbygger, løbende priser (kr.)","I alt (netto)","2.28.11 Vejvedligeholdelse m.v.","Kolding",576
"Pr. indbygger, løbende priser (kr.)","I alt (netto)","2.28.11 Vejvedligeholdelse m.v.","Sønderborg",901
"Pr. indbygger, løbende priser (kr.)","I alt (netto)","2.28.11 Vejvedligeholdelse m.v.","Tønder",882
"Pr. indbygger, løbende priser (kr.)","I alt (netto)","2.28.11 Vejvedligeholdelse m.v.","Varde",619
"Pr. indbygger, løbende priser (kr.)","I alt (netto)","2.28.11 Vejvedligeholdelse m.v.","Vejen",718
"Pr. indbygger, løbende priser (kr.)","I alt (netto)","2.28.11 Vejvedligeholdelse m.v.","Vejle",480
"Pr. indbygger, løbende priser (kr.)","I alt (netto)","2.28.11 Vejvedligeholdelse m.v.","Aabenraa",655
"Pr. indbygger, løbende priser (kr.)","I alt (netto)","2.28.11 Vejvedligeholdelse m.v.","Favrskov",564
"Pr. indbygger, løbende priser (kr.)","I alt (netto)","2.28.11 Vejvedligeholdelse m.v.","Hedensted",715
"Pr. indbygger, løbende priser (kr.)","I alt (netto)","2.28.11 Vejvedligeholdelse m.v.","Horsens",518
"Pr. indbygger, løbende priser (kr.)","I alt (netto)","2.28.11 Vejvedligeholdelse m.v.","Norddjurs",305
"Pr. indbygger, løbende priser (kr.)","I alt (netto)","2.28.11 Vejvedligeholdelse m.v.","Odder",742
"Pr. indbygger, løbende priser (kr.)","I alt (netto)","2.28.11 Vejvedligeholdelse m.v.","Randers",425
"Pr. indbygger, løbende priser (kr.)","I alt (netto)","2.28.11 Vejvedligeholdelse m.v.","Samsø",149
"Pr. indbygger, løbende priser (kr.)","I alt (netto)","2.28.11 Vejvedligeholdelse m.v.","Silkeborg",449
"Pr. indbygger, løbende priser (kr.)","I alt (netto)","2.28.11 Vejvedligeholdelse m.v.","Skanderborg",533
"Pr. indbygger, løbende priser (kr.)","I alt (netto)","2.28.11 Vejvedligeholdelse m.v.","Syddjurs",511
"Pr. indbygger, løbende priser (kr.)","I alt (netto)","2.28.11 Vejvedligeholdelse m.v.","Aarhus",190
"Pr. indbygger, løbende priser (kr.)","I alt (netto)","2.28.11 Vejvedligeholdelse m.v.","Herning",503
"Pr. indbygger, løbende priser (kr.)","I alt (netto)","2.28.11 Vejvedligeholdelse m.v.","Holstebro",764
"Pr. indbygger, løbende priser (kr.)","I alt (netto)","2.28.11 Vejvedligeholdelse m.v.","Ikast-Brande",514
"Pr. indbygger, løbende priser (kr.)","I alt (netto)","2.28.11 Vejvedligeholdelse m.v.","Lemvig",591
"Pr. indbygger, løbende priser (kr.)","I alt (netto)","2.28.11 Vejvedligeholdelse m.v.","Ringkøbing-Skjern",762
"Pr. indbygger, løbende priser (kr.)","I alt (netto)","2.28.11 Vejvedligeholdelse m.v.","Skive",567
"Pr. indbygger, løbende priser (kr.)","I alt (netto)","2.28.11 Vejvedligeholdelse m.v.","Struer",658
"Pr. indbygger, løbende priser (kr.)","I alt (netto)","2.28.11 Vejvedligeholdelse m.v.","Viborg",568
"Pr. indbygger, løbende priser (kr.)","I alt (netto)","2.28.11 Vejvedligeholdelse m.v.","Brønderslev",328
"Pr. indbygger, løbende priser (kr.)","I alt (netto)","2.28.11 Vejvedligeholdelse m.v.","Frederikshavn",-45
"Pr. indbygger, løbende priser (kr.)","I alt (netto)","2.28.11 Vejvedligeholdelse m.v.","Hjørring",563
"Pr. indbygger, løbende priser (kr.)","I alt (netto)","2.28.11 Vejvedligeholdelse m.v.","Jammerbugt",392
"Pr. indbygger, løbende priser (kr.)","I alt (netto)","2.28.11 Vejvedligeholdelse m.v.","Læsø",1723
"Pr. indbygger, løbende priser (kr.)","I alt (netto)","2.28.11 Vejvedligeholdelse m.v.","Mariagerfjord",476
"Pr. indbygger, løbende priser (kr.)","I alt (netto)","2.28.11 Vejvedligeholdelse m.v.","Morsø",152
"Pr. indbygger, løbende priser (kr.)","I alt (netto)","2.28.11 Vejvedligeholdelse m.v.","Rebild",457
"Pr. indbygger, løbende priser (kr.)","I alt (netto)","2.28.11 Vejvedligeholdelse m.v.","Thisted",559
"Pr. indbygger, løbende priser (kr.)","I alt (netto)","2.28.11 Vejvedligeholdelse m.v.","Vesthimmerlands",466
"Pr. indbygger, løbende priser (kr.)","I alt (netto)","2.28.11 Vejvedligeholdelse m.v.","Aalborg",548
"Pr. indbygger, løbende priser (kr.)","I alt (netto)","2.32.31 Busdrift","Hele landet",704
"Pr. indbygger, løbende priser (kr.)","I alt (netto)","2.32.31 Busdrift","København",786
"Pr. indbygger, løbende priser (kr.)","I alt (netto)","2.32.31 Busdrift","Frederiksberg",819
"Pr. indbygger, løbende priser (kr.)","I alt (netto)","2.32.31 Busdrift","Dragør",570
"Pr. indbygger, løbende priser (kr.)","I alt (netto)","2.32.31 Busdrift","Tårnby",765
"Pr. indbygger, løbende priser (kr.)","I alt (netto)","2.32.31 Busdrift","Albertslund",621
"Pr. indbygger, løbende priser (kr.)","I alt (netto)","2.32.31 Busdrift","Ballerup",694
"Pr. indbygger, løbende priser (kr.)","I alt (netto)","2.32.31 Busdrift","Brøndby",581
"Pr. indbygger, løbende priser (kr.)","I alt (netto)","2.32.31 Busdrift","Gentofte",787
"Pr. indbygger, løbende priser (kr.)","I alt (netto)","2.32.31 Busdrift","Gladsaxe",862
"Pr. indbygger, løbende priser (kr.)","I alt (netto)","2.32.31 Busdrift","Glostrup",793
"Pr. indbygger, løbende priser (kr.)","I alt (netto)","2.32.31 Busdrift","Herlev",914
"Pr. indbygger, løbende priser (kr.)","I alt (netto)","2.32.31 Busdrift","Hvidovre",751
"Pr. indbygger, løbende priser (kr.)","I alt (netto)","2.32.31 Busdrift","Høje-Taastrup",608
"Pr. indbygger, løbende priser (kr.)","I alt (netto)","2.32.31 Busdrift","Ishøj",263
"Pr. indbygger, løbende priser (kr.)","I alt (netto)","2.32.31 Busdrift","Lyngby-Taarbæk",706
"Pr. indbygger, løbende priser (kr.)","I alt (netto)","2.32.31 Busdrift","Rødovre",863
"Pr. indbygger, løbende priser (kr.)","I alt (netto)","2.32.31 Busdrift","Vallensbæk",361
"Pr. indbygger, løbende priser (kr.)","I alt (netto)","2.32.31 Busdrift","Allerød",773
"Pr. indbygger, løbende priser (kr.)","I alt (netto)","2.32.31 Busdrift","Egedal",588
"Pr. indbygger, løbende priser (kr.)","I alt (netto)","2.32.31 Busdrift","Fredensborg",753
"Pr. indbygger, løbende priser (kr.)","I alt (netto)","2.32.31 Busdrift","Frederikssund",541
"Pr. indbygger, løbende priser (kr.)","I alt (netto)","2.32.31 Busdrift","Furesø",665
"Pr. indbygger, løbende priser (kr.)","I alt (netto)","2.32.31 Busdrift","Gribskov",567
"Pr. indbygger, løbende priser (kr.)","I alt (netto)","2.32.31 Busdrift","Halsnæs",532
"Pr. indbygger, løbende priser (kr.)","I alt (netto)","2.32.31 Busdrift","Helsingør",819
"Pr. indbygger, løbende priser (kr.)","I alt (netto)","2.32.31 Busdrift","Hillerød",887
"Pr. indbygger, løbende priser (kr.)","I alt (netto)","2.32.31 Busdrift","Hørsholm",814
"Pr. indbygger, løbende priser (kr.)","I alt (netto)","2.32.31 Busdrift","Rudersdal",829
"Pr. indbygger, løbende priser (kr.)","I alt (netto)","2.32.31 Busdrift","Bornholm",930
"Pr. indbygger, løbende priser (kr.)","I alt (netto)","2.32.31 Busdrift","Greve",366
"Pr. indbygger, løbende priser (kr.)","I alt (netto)","2.32.31 Busdrift","Køge",1084
"Pr. indbygger, løbende priser (kr.)","I alt (netto)","2.32.31 Busdrift","Lejre",912
"Pr. indbygger, løbende priser (kr.)","I alt (netto)","2.32.31 Busdrift","Roskilde",981
"Pr. indbygger, løbende priser (kr.)","I alt (netto)","2.32.31 Busdrift","Solrød",376
"Pr. indbygger, løbende priser (kr.)","I alt (netto)","2.32.31 Busdrift","Faxe",413
"Pr. indbygger, løbende priser (kr.)","I alt (netto)","2.32.31 Busdrift","Guldborgsund",765
"Pr. indbygger, løbende priser (kr.)","I alt (netto)","2.32.31 Busdrift","Holbæk",615
"Pr. indbygger, løbende priser (kr.)","I alt (netto)","2.32.31 Busdrift","Kalundborg",991
"Pr. indbygger, løbende priser (kr.)","I alt (netto)","2.32.31 Busdrift","Lolland",1260
"Pr. indbygger, løbende priser (kr.)","I alt (netto)","2.32.31 Busdrift","Næstved",701
"Pr. indbygger, løbende priser (kr.)","I alt (netto)","2.32.31 Busdrift","Odsherred",810
"Pr. indbygger, løbende priser (kr.)","I alt (netto)","2.32.31 Busdrift","Ringsted",795
"Pr. indbygger, løbende priser (kr.)","I alt (netto)","2.32.31 Busdrift","Slagelse",775
"Pr. indbygger, løbende priser (kr.)","I alt (netto)","2.32.31 Busdrift","Sorø",762
"Pr. indbygger, løbende priser (kr.)","I alt (netto)","2.32.31 Busdrift","Stevns",834
"Pr. indbygger, løbende priser (kr.)","I alt (netto)","2.32.31 Busdrift","Vordingborg",708
"Pr. indbygger, løbende priser (kr.)","I alt (netto)","2.32.31 Busdrift","Assens",630
"Pr. indbygger, løbende priser (kr.)","I alt (netto)","2.32.31 Busdrift","Faaborg-Midtfyn",679
"Pr. indbygger, løbende priser (kr.)","I alt (netto)","2.32.31 Busdrift","Kerteminde",533
"Pr. indbygger, løbende priser (kr.)","I alt (netto)","2.32.31 Busdrift","Langeland",755
"Pr. indbygger, løbende priser (kr.)","I alt (netto)","2.32.31 Busdrift","Middelfart",354
"Pr. indbygger, løbende priser (kr.)","I alt (netto)","2.32.31 Busdrift","Nordfyns",607
"Pr. indbygger, løbende priser (kr.)","I alt (netto)","2.32.31 Busdrift","Nyborg",608
"Pr. indbygger, løbende priser (kr.)","I alt (netto)","2.32.31 Busdrift","Odense",834
"Pr. indbygger, løbende priser (kr.)","I alt (netto)","2.32.31 Busdrift","Svendborg",584
"Pr. indbygger, løbende priser (kr.)","I alt (netto)","2.32.31 Busdrift","Ærø",1591
"Pr. indbygger, løbende priser (kr.)","I alt (netto)","2.32.31 Busdrift","Billund",363
"Pr. indbygger, løbende priser (kr.)","I alt (netto)","2.32.31 Busdrift","Esbjerg",877
"Pr. indbygger, løbende priser (kr.)","I alt (netto)","2.32.31 Busdrift","Fanø",1108
"Pr. indbygger, løbende priser (kr.)","I alt (netto)","2.32.31 Busdrift","Fredericia",612
"Pr. indbygger, løbende priser (kr.)","I alt (netto)","2.32.31 Busdrift","Haderslev",610
"Pr. indbygger, løbende priser (kr.)","I alt (netto)","2.32.31 Busdrift","Kolding",758
"Pr. indbygger, løbende priser (kr.)","I alt (netto)","2.32.31 Busdrift","Sønderborg",765
"Pr. indbygger, løbende priser (kr.)","I alt (netto)","2.32.31 Busdrift","Tønder",708
"Pr. indbygger, løbende priser (kr.)","I alt (netto)","2.32.31 Busdrift","Varde",371
"Pr. indbygger, løbende priser (kr.)","I alt (netto)","2.32.31 Busdrift","Vejen",502
"Pr. indbygger, løbende priser (kr.)","I alt (netto)","2.32.31 Busdrift","Vejle",694
"Pr. indbygger, løbende priser (kr.)","I alt (netto)","2.32.31 Busdrift","Aabenraa",668
"Pr. indbygger, løbende priser (kr.)","I alt (netto)","2.32.31 Busdrift","Favrskov",447
"Pr. indbygger, løbende priser (kr.)","I alt (netto)","2.32.31 Busdrift","Hedensted",234
"Pr. indbygger, løbende priser (kr.)","I alt (netto)","2.32.31 Busdrift","Horsens",614
"Pr. indbygger, løbende priser (kr.)","I alt (netto)","2.32.31 Busdrift","Norddjurs",875
"Pr. indbygger, løbende priser (kr.)","I alt (netto)","2.32.31 Busdrift","Odder",209
"Pr. indbygger, løbende priser (kr.)","I alt (netto)","2.32.31 Busdrift","Randers",931
"Pr. indbygger, løbende priser (kr.)","I alt (netto)","2.32.31 Busdrift","Samsø",1642
"Pr. indbygger, løbende priser (kr.)","I alt (netto)","2.32.31 Busdrift","Silkeborg",492
"Pr. indbygger, løbende priser (kr.)","I alt (netto)","2.32.31 Busdrift","Skanderborg",498
"Pr. indbygger, løbende priser (kr.)","I alt (netto)","2.32.31 Busdrift","Syddjurs",634
"Pr. indbygger, løbende priser (kr.)","I alt (netto)","2.32.31 Busdrift","Aarhus",695
"Pr. indbygger, løbende priser (kr.)","I alt (netto)","2.32.31 Busdrift","Herning",614
"Pr. indbygger, løbende priser (kr.)","I alt (netto)","2.32.31 Busdrift","Holstebro",417
"Pr. indbygger, løbende priser (kr.)","I alt (netto)","2.32.31 Busdrift","Ikast-Brande",455
"Pr. indbygger, løbende priser (kr.)","I alt (netto)","2.32.31 Busdrift","Lemvig",585
"Pr. indbygger, løbende priser (kr.)","I alt (netto)","2.32.31 Busdrift","Ringkøbing-Skjern",423
"Pr. indbygger, løbende priser (kr.)","I alt (netto)","2.32.31 Busdrift","Skive",809
"Pr. indbygger, løbende priser (kr.)","I alt (netto)","2.32.31 Busdrift","Struer",367
"Pr. indbygger, løbende priser (kr.)","I alt (netto)","2.32.31 Busdrift","Viborg",572
"Pr. indbygger, løbende priser (kr.)","I alt (netto)","2.32.31 Busdrift","Brønderslev",611
"Pr. indbygger, løbende priser (kr.)","I alt (netto)","2.32.31 Busdrift","Frederikshavn",314
"Pr. indbygger, løbende priser (kr.)","I alt (netto)","2.32.31 Busdrift","Hjørring",464
"Pr. indbygger, løbende priser (kr.)","I alt (netto)","2.32.31 Busdrift","Jammerbugt",389
"Pr. indbygger, løbende priser (kr.)","I alt (netto)","2.32.31 Busdrift","Læsø",1936
"Pr. indbygger, løbende priser (kr.)","I alt (netto)","2.32.31 Busdrift","Mariagerfjord",655
"Pr. indbygger, løbende priser (kr.)","I alt (netto)","2.32.31 Busdrift","Morsø",813
"Pr. indbygger, løbende priser (kr.)","I alt (netto)","2.32.31 Busdrift","Rebild",344
"Pr. indbygger, løbende priser (kr.)","I alt (netto)","2.32.31 Busdrift","Thisted",805
"Pr. indbygger, løbende priser (kr.)","I alt (netto)","2.32.31 Busdrift","Vesthimmerlands",567
"Pr. indbygger, løbende priser (kr.)","I alt (netto)","2.32.31 Busdrift","Aalborg",978
"Pr. indbygger, løbende priser (kr.)","I alt (netto)","3.22.01 Folkeskoler","Hele landet",6694
"Pr. indbygger, løbende priser (kr.)","I alt (netto)","3.22.01 Folkeskoler","København",5065
"Pr. indbygger, løbende priser (kr.)","I alt (netto)","3.22.01 Folkeskoler","Frederiksberg",4841
"Pr. indbygger, løbende priser (kr.)","I alt (netto)","3.22.01 Folkeskoler","Dragør",9290
"Pr. indbygger, løbende priser (kr.)","I alt (netto)","3.22.01 Folkeskoler","Tårnby",8262
"Pr. indbygger, løbende priser (kr.)","I alt (netto)","3.22.01 Folkeskoler","Albertslund",8802
"Pr. indbygger, løbende priser (kr.)","I alt (netto)","3.22.01 Folkeskoler","Ballerup",9494
"Pr. indbygger, løbende priser (kr.)","I alt (netto)","3.22.01 Folkeskoler","Brøndby",8507
"Pr. indbygger, løbende priser (kr.)","I alt (netto)","3.22.01 Folkeskoler","Gentofte",6315
"Pr. indbygger, løbende priser (kr.)","I alt (netto)","3.22.01 Folkeskoler","Gladsaxe",8685
"Pr. indbygger, løbende priser (kr.)","I alt (netto)","3.22.01 Folkeskoler","Glostrup",8527
"Pr. indbygger, løbende priser (kr.)","I alt (netto)","3.22.01 Folkeskoler","Herlev",6682
"Pr. indbygger, løbende priser (kr.)","I alt (netto)","3.22.01 Folkeskoler","Hvidovre",8993
"Pr. indbygger, løbende priser (kr.)","I alt (netto)","3.22.01 Folkeskoler","Høje-Taastrup",8318
"Pr. indbygger, løbende priser (kr.)","I alt (netto)","3.22.01 Folkeskoler","Ishøj",9165
"Pr. indbygger, løbende priser (kr.)","I alt (netto)","3.22.01 Folkeskoler","Lyngby-Taarbæk",7434
"Pr. indbygger, løbende priser (kr.)","I alt (netto)","3.22.01 Folkeskoler","Rødovre",8327
"Pr. indbygger, løbende priser (kr.)","I alt (netto)","3.22.01 Folkeskoler","Vallensbæk",8814
"Pr. indbygger, løbende priser (kr.)","I alt (netto)","3.22.01 Folkeskoler","Allerød",9712
"Pr. indbygger, løbende priser (kr.)","I alt (netto)","3.22.01 Folkeskoler","Egedal",8137
"Pr. indbygger, løbende priser (kr.)","I alt (netto)","3.22.01 Folkeskoler","Fredensborg",7573
"Pr. indbygger, løbende priser (kr.)","I alt (netto)","3.22.01 Folkeskoler","Frederikssund",6645
"Pr. indbygger, løbende priser (kr.)","I alt (netto)","3.22.01 Folkeskoler","Furesø",8894
"Pr. indbygger, løbende priser (kr.)","I alt (netto)","3.22.01 Folkeskoler","Gribskov",6073
"Pr. indbygger, løbende priser (kr.)","I alt (netto)","3.22.01 Folkeskoler","Halsnæs",7112
"Pr. indbygger, løbende priser (kr.)","I alt (netto)","3.22.01 Folkeskoler","Helsingør",6437
"Pr. indbygger, løbende priser (kr.)","I alt (netto)","3.22.01 Folkeskoler","Hillerød",6213
"Pr. indbygger, løbende priser (kr.)","I alt (netto)","3.22.01 Folkeskoler","Hørsholm",5648
"Pr. indbygger, løbende priser (kr.)","I alt (netto)","3.22.01 Folkeskoler","Rudersdal",7634
"Pr. indbygger, løbende priser (kr.)","I alt (netto)","3.22.01 Folkeskoler","Bornholm",4780
"Pr. indbygger, løbende priser (kr.)","I alt (netto)","3.22.01 Folkeskoler","Greve",7497
"Pr. indbygger, løbende priser (kr.)","I alt (netto)","3.22.01 Folkeskoler","Køge",7154
"Pr. indbygger, løbende priser (kr.)","I alt (netto)","3.22.01 Folkeskoler","Lejre",7132
"Pr. indbygger, løbende priser (kr.)","I alt (netto)","3.22.01 Folkeskoler","Roskilde",7199
"Pr. indbygger, løbende priser (kr.)","I alt (netto)","3.22.01 Folkeskoler","Solrød",7898
"Pr. indbygger, løbende priser (kr.)","I alt (netto)","3.22.01 Folkeskoler","Faxe",6309
"Pr. indbygger, løbende priser (kr.)","I alt (netto)","3.22.01 Folkeskoler","Guldborgsund",6841
"Pr. indbygger, løbende priser (kr.)","I alt (netto)","3.22.01 Folkeskoler","Holbæk",5913
"Pr. indbygger, løbende priser (kr.)","I alt (netto)","3.22.01 Folkeskoler","Kalundborg",5812
"Pr. indbygger, løbende priser (kr.)","I alt (netto)","3.22.01 Folkeskoler","Lolland",5920
"Pr. indbygger, løbende priser (kr.)","I alt (netto)","3.22.01 Folkeskoler","Næstved",6705
"Pr. indbygger, løbende priser (kr.)","I alt (netto)","3.22.01 Folkeskoler","Odsherred",5651
"Pr. indbygger, løbende priser (kr.)","I alt (netto)","3.22.01 Folkeskoler","Ringsted",6311
"Pr. indbygger, løbende priser (kr.)","I alt (netto)","3.22.01 Folkeskoler","Slagelse",5928
"Pr. indbygger, løbende priser (kr.)","I alt (netto)","3.22.01 Folkeskoler","Sorø",6641
"Pr. indbygger, løbende priser (kr.)","I alt (netto)","3.22.01 Folkeskoler","Stevns",5782
"Pr. indbygger, løbende priser (kr.)","I alt (netto)","3.22.01 Folkeskoler","Vordingborg",4828
"Pr. indbygger, løbende priser (kr.)","I alt (netto)","3.22.01 Folkeskoler","Assens",6981
"Pr. indbygger, løbende priser (kr.)","I alt (netto)","3.22.01 Folkeskoler","Faaborg-Midtfyn",5995
"Pr. indbygger, løbende priser (kr.)","I alt (netto)","3.22.01 Folkeskoler","Kerteminde",6924
"Pr. indbygger, løbende priser (kr.)","I alt (netto)","3.22.01 Folkeskoler","Langeland",7025
"Pr. indbygger, løbende priser (kr.)","I alt (netto)","3.22.01 Folkeskoler","Middelfart",6473
"Pr. indbygger, løbende priser (kr.)","I alt (netto)","3.22.01 Folkeskoler","Nordfyns",6092
"Pr. indbygger, løbende priser (kr.)","I alt (netto)","3.22.01 Folkeskoler","Nyborg",5739
"Pr. indbygger, løbende priser (kr.)","I alt (netto)","3.22.01 Folkeskoler","Odense",6044
"Pr. indbygger, løbende priser (kr.)","I alt (netto)","3.22.01 Folkeskoler","Svendborg",6582
"Pr. indbygger, løbende priser (kr.)","I alt (netto)","3.22.01 Folkeskoler","Ærø",6076
"Pr. indbygger, løbende priser (kr.)","I alt (netto)","3.22.01 Folkeskoler","Billund",8162
"Pr. indbygger, løbende priser (kr.)","I alt (netto)","3.22.01 Folkeskoler","Esbjerg",7817
"Pr. indbygger, løbende priser (kr.)","I alt (netto)","3.22.01 Folkeskoler","Fanø",8603
"Pr. indbygger, løbende priser (kr.)","I alt (netto)","3.22.01 Folkeskoler","Fredericia",6406
"Pr. indbygger, løbende priser (kr.)","I alt (netto)","3.22.01 Folkeskoler","Haderslev",5976
"Pr. indbygger, løbende priser (kr.)","I alt (netto)","3.22.01 Folkeskoler","Kolding",5938
"Pr. indbygger, løbende priser (kr.)","I alt (netto)","3.22.01 Folkeskoler","Sønderborg",6416
"Pr. indbygger, løbende priser (kr.)","I alt (netto)","3.22.01 Folkeskoler","Tønder",6117
"Pr. indbygger, løbende priser (kr.)","I alt (netto)","3.22.01 Folkeskoler","Varde",7211
"Pr. indbygger, løbende priser (kr.)","I alt (netto)","3.22.01 Folkeskoler","Vejen",7787
"Pr. indbygger, løbende priser (kr.)","I alt (netto)","3.22.01 Folkeskoler","Vejle",6998
"Pr. indbygger, løbende priser (kr.)","I alt (netto)","3.22.01 Folkeskoler","Aabenraa",6123
"Pr. indbygger, løbende priser (kr.)","I alt (netto)","3.22.01 Folkeskoler","Favrskov",9060
"Pr. indbygger, løbende priser (kr.)","I alt (netto)","3.22.01 Folkeskoler","Hedensted",8416
"Pr. indbygger, løbende priser (kr.)","I alt (netto)","3.22.01 Folkeskoler","Horsens",6686
"Pr. indbygger, løbende priser (kr.)","I alt (netto)","3.22.01 Folkeskoler","Norddjurs",5574
"Pr. indbygger, løbende priser (kr.)","I alt (netto)","3.22.01 Folkeskoler","Odder",5924
"Pr. indbygger, løbende priser (kr.)","I alt (netto)","3.22.01 Folkeskoler","Randers",6663
"Pr. indbygger, løbende priser (kr.)","I alt (netto)","3.22.01 Folkeskoler","Samsø",7739
"Pr. indbygger, løbende priser (kr.)","I alt (netto)","3.22.01 Folkeskoler","Silkeborg",7108
"Pr. indbygger, løbende priser (kr.)","I alt (netto)","3.22.01 Folkeskoler","Skanderborg",8374
"Pr. indbygger, løbende priser (kr.)","I alt (netto)","3.22.01 Folkeskoler","Syddjurs",6365
"Pr. indbygger, løbende priser (kr.)","I alt (netto)","3.22.01 Folkeskoler","Aarhus",5992
"Pr. indbygger, løbende priser (kr.)","I alt (netto)","3.22.01 Folkeskoler","Herning",7402
"Pr. indbygger, løbende priser (kr.)","I alt (netto)","3.22.01 Folkeskoler","Holstebro",6216
"Pr. indbygger, løbende priser (kr.)","I alt (netto)","3.22.01 Folkeskoler","Ikast-Brande",8016
"Pr. indbygger, løbende priser (kr.)","I alt (netto)","3.22.01 Folkeskoler","Lemvig",8047
"Pr. indbygger, løbende priser (kr.)","I alt (netto)","3.22.01 Folkeskoler","Ringkøbing-Skjern",6555
"Pr. indbygger, løbende priser (kr.)","I alt (netto)","3.22.01 Folkeskoler","Skive",6963
"Pr. indbygger, løbende priser (kr.)","I alt (netto)","3.22.01 Folkeskoler","Struer",8180
"Pr. indbygger, løbende priser (kr.)","I alt (netto)","3.22.01 Folkeskoler","Viborg",7597
"Pr. indbygger, løbende priser (kr.)","I alt (netto)","3.22.01 Folkeskoler","Brønderslev",8130
"Pr. indbygger, løbende priser (kr.)","I alt (netto)","3.22.01 Folkeskoler","Frederikshavn",6817
"Pr. indbygger, løbende priser (kr.)","I alt (netto)","3.22.01 Folkeskoler","Hjørring",5638
"Pr. indbygger, løbende priser (kr.)","I alt (netto)","3.22.01 Folkeskoler","Jammerbugt",7904
"Pr. indbygger, løbende priser (kr.)","I alt (netto)","3.22.01 Folkeskoler","Læsø",9067
"Pr. indbygger, løbende priser (kr.)","I alt (netto)","3.22.01 Folkeskoler","Mariagerfjord",7401
"Pr. indbygger, løbende priser (kr.)","I alt (netto)","3.22.01 Folkeskoler","Morsø",5836
"Pr. indbygger, løbende priser (kr.)","I alt (netto)","3.22.01 Folkeskoler","Rebild",8647
"Pr. indbygger, løbende priser (kr.)","I alt (netto)","3.22.01 Folkeskoler","Thisted",6272
"Pr. indbygger, løbende priser (kr.)","I alt (netto)","3.22.01 Folkeskoler","Vesthimmerlands",6810
"Pr. indbygger, løbende priser (kr.)","I alt (netto)","3.22.01 Folkeskoler","Aalborg",7178
"Pr. indbygger, løbende priser (kr.)","I alt (netto)","3.22.05 Skolefritidsordninger","Hele landet",611
"Pr. indbygger, løbende priser (kr.)","I alt (netto)","3.22.05 Skolefritidsordninger","København",755
"Pr. indbygger, løbende priser (kr.)","I alt (netto)","3.22.05 Skolefritidsordninger","Frederiksberg",808
"Pr. indbygger, løbende priser (kr.)","I alt (netto)","3.22.05 Skolefritidsordninger","Dragør",794
"Pr. indbygger, løbende priser (kr.)","I alt (netto)","3.22.05 Skolefritidsordninger","Tårnby",1419
"Pr. indbygger, løbende priser (kr.)","I alt (netto)","3.22.05 Skolefritidsordninger","Albertslund",899
"Pr. indbygger, løbende priser (kr.)","I alt (netto)","3.22.05 Skolefritidsordninger","Ballerup",1174
"Pr. indbygger, løbende priser (kr.)","I alt (netto)","3.22.05 Skolefritidsordninger","Brøndby",1085
"Pr. indbygger, løbende priser (kr.)","I alt (netto)","3.22.05 Skolefritidsordninger","Gentofte",631
"Pr. indbygger, løbende priser (kr.)","I alt (netto)","3.22.05 Skolefritidsordninger","Gladsaxe",715
"Pr. indbygger, løbende priser (kr.)","I alt (netto)","3.22.05 Skolefritidsordninger","Glostrup",1280
"Pr. indbygger, løbende priser (kr.)","I alt (netto)","3.22.05 Skolefritidsordninger","Herlev",969
"Pr. indbygger, løbende priser (kr.)","I alt (netto)","3.22.05 Skolefritidsordninger","Hvidovre",1289
"Pr. indbygger, løbende priser (kr.)","I alt (netto)","3.22.05 Skolefritidsordninger","Høje-Taastrup",867
"Pr. indbygger, løbende priser (kr.)","I alt (netto)","3.22.05 Skolefritidsordninger","Ishøj",1124
"Pr. indbygger, løbende priser (kr.)","I alt (netto)","3.22.05 Skolefritidsordninger","Lyngby-Taarbæk",920
"Pr. indbygger, løbende priser (kr.)","I alt (netto)","3.22.05 Skolefritidsordninger","Rødovre",1082
"Pr. indbygger, løbende priser (kr.)","I alt (netto)","3.22.05 Skolefritidsordninger","Vallensbæk",946
"Pr. indbygger, løbende priser (kr.)","I alt (netto)","3.22.05 Skolefritidsordninger","Allerød",724
"Pr. indbygger, løbende priser (kr.)","I alt (netto)","3.22.05 Skolefritidsordninger","Egedal",725
"Pr. indbygger, løbende priser (kr.)","I alt (netto)","3.22.05 Skolefritidsordninger","Fredensborg",996
"Pr. indbygger, løbende priser (kr.)","I alt (netto)","3.22.05 Skolefritidsordninger","Frederikssund",473
"Pr. indbygger, løbende priser (kr.)","I alt (netto)","3.22.05 Skolefritidsordninger","Furesø",1010
"Pr. indbygger, løbende priser (kr.)","I alt (netto)","3.22.05 Skolefritidsordninger","Gribskov",470
"Pr. indbygger, løbende priser (kr.)","I alt (netto)","3.22.05 Skolefritidsordninger","Halsnæs",607
"Pr. indbygger, løbende priser (kr.)","I alt (netto)","3.22.05 Skolefritidsordninger","Helsingør",497
"Pr. indbygger, løbende priser (kr.)","I alt (netto)","3.22.05 Skolefritidsordninger","Hillerød",594
"Pr. indbygger, løbende priser (kr.)","I alt (netto)","3.22.05 Skolefritidsordninger","Hørsholm",495
"Pr. indbygger, løbende priser (kr.)","I alt (netto)","3.22.05 Skolefritidsordninger","Rudersdal",286
"Pr. indbygger, løbende priser (kr.)","I alt (netto)","3.22.05 Skolefritidsordninger","Bornholm",269
"Pr. indbygger, løbende priser (kr.)","I alt (netto)","3.22.05 Skolefritidsordninger","Greve",353
"Pr. indbygger, løbende priser (kr.)","I alt (netto)","3.22.05 Skolefritidsordninger","Køge",946
"Pr. indbygger, løbende priser (kr.)","I alt (netto)","3.22.05 Skolefritidsordninger","Lejre",739
"Pr. indbygger, løbende priser (kr.)","I alt (netto)","3.22.05 Skolefritidsordninger","Roskilde",530
"Pr. indbygger, løbende priser (kr.)","I alt (netto)","3.22.05 Skolefritidsordninger","Solrød",676
"Pr. indbygger, løbende priser (kr.)","I alt (netto)","3.22.05 Skolefritidsordninger","Faxe",528
"Pr. indbygger, løbende priser (kr.)","I alt (netto)","3.22.05 Skolefritidsordninger","Guldborgsund",527
"Pr. indbygger, løbende priser (kr.)","I alt (netto)","3.22.05 Skolefritidsordninger","Holbæk",543
"Pr. indbygger, løbende priser (kr.)","I alt (netto)","3.22.05 Skolefritidsordninger","Kalundborg",598
"Pr. indbygger, løbende priser (kr.)","I alt (netto)","3.22.05 Skolefritidsordninger","Lolland",496
"Pr. indbygger, løbende priser (kr.)","I alt (netto)","3.22.05 Skolefritidsordninger","Næstved",616
"Pr. indbygger, løbende priser (kr.)","I alt (netto)","3.22.05 Skolefritidsordninger","Odsherred",621
"Pr. indbygger, løbende priser (kr.)","I alt (netto)","3.22.05 Skolefritidsordninger","Ringsted",880
"Pr. indbygger, løbende priser (kr.)","I alt (netto)","3.22.05 Skolefritidsordninger","Slagelse",572
"Pr. indbygger, løbende priser (kr.)","I alt (netto)","3.22.05 Skolefritidsordninger","Sorø",354
"Pr. indbygger, løbende priser (kr.)","I alt (netto)","3.22.05 Skolefritidsordninger","Stevns",490
"Pr. indbygger, løbende priser (kr.)","I alt (netto)","3.22.05 Skolefritidsordninger","Vordingborg",433
"Pr. indbygger, løbende priser (kr.)","I alt (netto)","3.22.05 Skolefritidsordninger","Assens",216
"Pr. indbygger, løbende priser (kr.)","I alt (netto)","3.22.05 Skolefritidsordninger","Faaborg-Midtfyn",265
"Pr. indbygger, løbende priser (kr.)","I alt (netto)","3.22.05 Skolefritidsordninger","Kerteminde",330
"Pr. indbygger, løbende priser (kr.)","I alt (netto)","3.22.05 Skolefritidsordninger","Langeland",407
"Pr. indbygger, løbende priser (kr.)","I alt (netto)","3.22.05 Skolefritidsordninger","Middelfart",319
"Pr. indbygger, løbende priser (kr.)","I alt (netto)","3.22.05 Skolefritidsordninger","Nordfyns",603
"Pr. indbygger, løbende priser (kr.)","I alt (netto)","3.22.05 Skolefritidsordninger","Nyborg",274
"Pr. indbygger, løbende priser (kr.)","I alt (netto)","3.22.05 Skolefritidsordninger","Odense",370
"Pr. indbygger, løbende priser (kr.)","I alt (netto)","3.22.05 Skolefritidsordninger","Svendborg",384
"Pr. indbygger, løbende priser (kr.)","I alt (netto)","3.22.05 Skolefritidsordninger","Ærø",263
"Pr. indbygger, løbende priser (kr.)","I alt (netto)","3.22.05 Skolefritidsordninger","Billund",419
"Pr. indbygger, løbende priser (kr.)","I alt (netto)","3.22.05 Skolefritidsordninger","Esbjerg",619
"Pr. indbygger, løbende priser (kr.)","I alt (netto)","3.22.05 Skolefritidsordninger","Fanø",192
"Pr. indbygger, løbende priser (kr.)","I alt (netto)","3.22.05 Skolefritidsordninger","Fredericia",608
"Pr. indbygger, løbende priser (kr.)","I alt (netto)","3.22.05 Skolefritidsordninger","Haderslev",326
"Pr. indbygger, løbende priser (kr.)","I alt (netto)","3.22.05 Skolefritidsordninger","Kolding",376
"Pr. indbygger, løbende priser (kr.)","I alt (netto)","3.22.05 Skolefritidsordninger","Sønderborg",460
"Pr. indbygger, løbende priser (kr.)","I alt (netto)","3.22.05 Skolefritidsordninger","Tønder",186
"Pr. indbygger, løbende priser (kr.)","I alt (netto)","3.22.05 Skolefritidsordninger","Varde",442
"Pr. indbygger, løbende priser (kr.)","I alt (netto)","3.22.05 Skolefritidsordninger","Vejen",532
"Pr. indbygger, løbende priser (kr.)","I alt (netto)","3.22.05 Skolefritidsordninger","Vejle",374
"Pr. indbygger, løbende priser (kr.)","I alt (netto)","3.22.05 Skolefritidsordninger","Aabenraa",321
"Pr. indbygger, løbende priser (kr.)","I alt (netto)","3.22.05 Skolefritidsordninger","Favrskov",486
"Pr. indbygger, løbende priser (kr.)","I alt (netto)","3.22.05 Skolefritidsordninger","Hedensted",577
"Pr. indbygger, løbende priser (kr.)","I alt (netto)","3.22.05 Skolefritidsordninger","Horsens",404
"Pr. indbygger, løbende priser (kr.)","I alt (netto)","3.22.05 Skolefritidsordninger","Norddjurs",395
"Pr. indbygger, løbende priser (kr.)","I alt (netto)","3.22.05 Skolefritidsordninger","Odder",507
"Pr. indbygger, løbende priser (kr.)","I alt (netto)","3.22.05 Skolefritidsordninger","Randers",276
"Pr. indbygger, løbende priser (kr.)","I alt (netto)","3.22.05 Skolefritidsordninger","Samsø",979
"Pr. indbygger, løbende priser (kr.)","I alt (netto)","3.22.05 Skolefritidsordninger","Silkeborg",743
"Pr. indbygger, løbende priser (kr.)","I alt (netto)","3.22.05 Skolefritidsordninger","Skanderborg",756
"Pr. indbygger, løbende priser (kr.)","I alt (netto)","3.22.05 Skolefritidsordninger","Syddjurs",323
"Pr. indbygger, løbende priser (kr.)","I alt (netto)","3.22.05 Skolefritidsordninger","Aarhus",923
"Pr. indbygger, løbende priser (kr.)","I alt (netto)","3.22.05 Skolefritidsordninger","Herning",650
"Pr. indbygger, løbende priser (kr.)","I alt (netto)","3.22.05 Skolefritidsordninger","Holstebro",530
"Pr. indbygger, løbende priser (kr.)","I alt (netto)","3.22.05 Skolefritidsordninger","Ikast-Brande",604
"Pr. indbygger, løbende priser (kr.)","I alt (netto)","3.22.05 Skolefritidsordninger","Lemvig",255
"Pr. indbygger, løbende priser (kr.)","I alt (netto)","3.22.05 Skolefritidsordninger","Ringkøbing-Skjern",563
"Pr. indbygger, løbende priser (kr.)","I alt (netto)","3.22.05 Skolefritidsordninger","Skive",507
"Pr. indbygger, løbende priser (kr.)","I alt (netto)","3.22.05 Skolefritidsordninger","Struer",497
"Pr. indbygger, løbende priser (kr.)","I alt (netto)","3.22.05 Skolefritidsordninger","Viborg",304
"Pr. indbygger, løbende priser (kr.)","I alt (netto)","3.22.05 Skolefritidsordninger","Brønderslev",626
"Pr. indbygger, løbende priser (kr.)","I alt (netto)","3.22.05 Skolefritidsordninger","Frederikshavn",398
"Pr. indbygger, løbende priser (kr.)","I alt (netto)","3.22.05 Skolefritidsordninger","Hjørring",260
"Pr. indbygger, løbende priser (kr.)","I alt (netto)","3.22.05 Skolefritidsordninger","Jammerbugt",811
"Pr. indbygger, løbende priser (kr.)","I alt (netto)","3.22.05 Skolefritidsordninger","Læsø",245
"Pr. indbygger, løbende priser (kr.)","I alt (netto)","3.22.05 Skolefritidsordninger","Mariagerfjord",245
"Pr. indbygger, løbende priser (kr.)","I alt (netto)","3.22.05 Skolefritidsordninger","Morsø",255
"Pr. indbygger, løbende priser (kr.)","I alt (netto)","3.22.05 Skolefritidsordninger","Rebild",668
"Pr. indbygger, løbende priser (kr.)","I alt (netto)","3.22.05 Skolefritidsordninger","Thisted",563
"Pr. indbygger, løbende priser (kr.)","I alt (netto)","3.22.05 Skolefritidsordninger","Vesthimmerlands",667
"Pr. indbygger, løbende priser (kr.)","I alt (netto)","3.22.05 Skolefritidsordninger","Aalborg",595
"Pr. indbygger, løbende priser (kr.)","I alt (netto)","3.22.08 Kommunale specialskoler, behandlings- og specialundervisningstilbud samt specialundervisningstilbud på børne- og ungehjem","Hele landet",1090
"Pr. indbygger, løbende priser (kr.)","I alt (netto)","3.22.08 Kommunale specialskoler, behandlings- og specialundervisningstilbud samt specialundervisningstilbud på børne- og ungehjem","København",991
"Pr. indbygger, løbende priser (kr.)","I alt (netto)","3.22.08 Kommunale specialskoler, behandlings- og specialundervisningstilbud samt specialundervisningstilbud på børne- og ungehjem","Frederiksberg",1148
"Pr. indbygger, løbende priser (kr.)","I alt (netto)","3.22.08 Kommunale specialskoler, behandlings- og specialundervisningstilbud samt specialundervisningstilbud på børne- og ungehjem","Dragør",1309
"Pr. indbygger, løbende priser (kr.)","I alt (netto)","3.22.08 Kommunale specialskoler, behandlings- og specialundervisningstilbud samt specialundervisningstilbud på børne- og ungehjem","Tårnby",1675
"Pr. indbygger, løbende priser (kr.)","I alt (netto)","3.22.08 Kommunale specialskoler, behandlings- og specialundervisningstilbud samt specialundervisningstilbud på børne- og ungehjem","Albertslund",1317
"Pr. indbygger, løbende priser (kr.)","I alt (netto)","3.22.08 Kommunale specialskoler, behandlings- og specialundervisningstilbud samt specialundervisningstilbud på børne- og ungehjem","Ballerup",1356
"Pr. indbygger, løbende priser (kr.)","I alt (netto)","3.22.08 Kommunale specialskoler, behandlings- og specialundervisningstilbud samt specialundervisningstilbud på børne- og ungehjem","Brøndby",1081
"Pr. indbygger, løbende priser (kr.)","I alt (netto)","3.22.08 Kommunale specialskoler, behandlings- og specialundervisningstilbud samt specialundervisningstilbud på børne- og ungehjem","Gentofte",1458
"Pr. indbygger, løbende priser (kr.)","I alt (netto)","3.22.08 Kommunale specialskoler, behandlings- og specialundervisningstilbud samt specialundervisningstilbud på børne- og ungehjem","Gladsaxe",763
"Pr. indbygger, løbende priser (kr.)","I alt (netto)","3.22.08 Kommunale specialskoler, behandlings- og specialundervisningstilbud samt specialundervisningstilbud på børne- og ungehjem","Glostrup",1642
"Pr. indbygger, løbende priser (kr.)","I alt (netto)","3.22.08 Kommunale specialskoler, behandlings- og specialundervisningstilbud samt specialundervisningstilbud på børne- og ungehjem","Herlev",2949
"Pr. indbygger, løbende priser (kr.)","I alt (netto)","3.22.08 Kommunale specialskoler, behandlings- og specialundervisningstilbud samt specialundervisningstilbud på børne- og ungehjem","Hvidovre",1573
"Pr. indbygger, løbende priser (kr.)","I alt (netto)","3.22.08 Kommunale specialskoler, behandlings- og specialundervisningstilbud samt specialundervisningstilbud på børne- og ungehjem","Høje-Taastrup",1446
"Pr. indbygger, løbende priser (kr.)","I alt (netto)","3.22.08 Kommunale specialskoler, behandlings- og specialundervisningstilbud samt specialundervisningstilbud på børne- og ungehjem","Ishøj",1726
"Pr. indbygger, løbende priser (kr.)","I alt (netto)","3.22.08 Kommunale specialskoler, behandlings- og specialundervisningstilbud samt specialundervisningstilbud på børne- og ungehjem","Lyngby-Taarbæk",1732
"Pr. indbygger, løbende priser (kr.)","I alt (netto)","3.22.08 Kommunale specialskoler, behandlings- og specialundervisningstilbud samt specialundervisningstilbud på børne- og ungehjem","Rødovre",1273
"Pr. indbygger, løbende priser (kr.)","I alt (netto)","3.22.08 Kommunale specialskoler, behandlings- og specialundervisningstilbud samt specialundervisningstilbud på børne- og ungehjem","Vallensbæk",1101
"Pr. indbygger, løbende priser (kr.)","I alt (netto)","3.22.08 Kommunale specialskoler, behandlings- og specialundervisningstilbud samt specialundervisningstilbud på børne- og ungehjem","Allerød",676
"Pr. indbygger, løbende priser (kr.)","I alt (netto)","3.22.08 Kommunale specialskoler, behandlings- og specialundervisningstilbud samt specialundervisningstilbud på børne- og ungehjem","Egedal",994
"Pr. indbygger, løbende priser (kr.)","I alt (netto)","3.22.08 Kommunale specialskoler, behandlings- og specialundervisningstilbud samt specialundervisningstilbud på børne- og ungehjem","Fredensborg",2025
"Pr. indbygger, løbende priser (kr.)","I alt (netto)","3.22.08 Kommunale specialskoler, behandlings- og specialundervisningstilbud samt specialundervisningstilbud på børne- og ungehjem","Frederikssund",2342
"Pr. indbygger, løbende priser (kr.)","I alt (netto)","3.22.08 Kommunale specialskoler, behandlings- og specialundervisningstilbud samt specialundervisningstilbud på børne- og ungehjem","Furesø",978
"Pr. indbygger, løbende priser (kr.)","I alt (netto)","3.22.08 Kommunale specialskoler, behandlings- og specialundervisningstilbud samt specialundervisningstilbud på børne- og ungehjem","Gribskov",1015
"Pr. indbygger, løbende priser (kr.)","I alt (netto)","3.22.08 Kommunale specialskoler, behandlings- og specialundervisningstilbud samt specialundervisningstilbud på børne- og ungehjem","Halsnæs",1764
"Pr. indbygger, løbende priser (kr.)","I alt (netto)","3.22.08 Kommunale specialskoler, behandlings- og specialundervisningstilbud samt specialundervisningstilbud på børne- og ungehjem","Helsingør",2165
"Pr. indbygger, løbende priser (kr.)","I alt (netto)","3.22.08 Kommunale specialskoler, behandlings- og specialundervisningstilbud samt specialundervisningstilbud på børne- og ungehjem","Hillerød",3008
"Pr. indbygger, løbende priser (kr.)","I alt (netto)","3.22.08 Kommunale specialskoler, behandlings- og specialundervisningstilbud samt specialundervisningstilbud på børne- og ungehjem","Hørsholm",2345
"Pr. indbygger, løbende priser (kr.)","I alt (netto)","3.22.08 Kommunale specialskoler, behandlings- og specialundervisningstilbud samt specialundervisningstilbud på børne- og ungehjem","Rudersdal",1594
"Pr. indbygger, løbende priser (kr.)","I alt (netto)","3.22.08 Kommunale specialskoler, behandlings- og specialundervisningstilbud samt specialundervisningstilbud på børne- og ungehjem","Bornholm",1776
"Pr. indbygger, løbende priser (kr.)","I alt (netto)","3.22.08 Kommunale specialskoler, behandlings- og specialundervisningstilbud samt specialundervisningstilbud på børne- og ungehjem","Greve",1180
"Pr. indbygger, løbende priser (kr.)","I alt (netto)","3.22.08 Kommunale specialskoler, behandlings- og specialundervisningstilbud samt specialundervisningstilbud på børne- og ungehjem","Køge",1531
"Pr. indbygger, løbende priser (kr.)","I alt (netto)","3.22.08 Kommunale specialskoler, behandlings- og specialundervisningstilbud samt specialundervisningstilbud på børne- og ungehjem","Lejre",1545
"Pr. indbygger, løbende priser (kr.)","I alt (netto)","3.22.08 Kommunale specialskoler, behandlings- og specialundervisningstilbud samt specialundervisningstilbud på børne- og ungehjem","Roskilde",1748
"Pr. indbygger, løbende priser (kr.)","I alt (netto)","3.22.08 Kommunale specialskoler, behandlings- og specialundervisningstilbud samt specialundervisningstilbud på børne- og ungehjem","Solrød",673
"Pr. indbygger, løbende priser (kr.)","I alt (netto)","3.22.08 Kommunale specialskoler, behandlings- og specialundervisningstilbud samt specialundervisningstilbud på børne- og ungehjem","Faxe",1442
"Pr. indbygger, løbende priser (kr.)","I alt (netto)","3.22.08 Kommunale specialskoler, behandlings- og specialundervisningstilbud samt specialundervisningstilbud på børne- og ungehjem","Guldborgsund",395
"Pr. indbygger, løbende priser (kr.)","I alt (netto)","3.22.08 Kommunale specialskoler, behandlings- og specialundervisningstilbud samt specialundervisningstilbud på børne- og ungehjem","Holbæk",1332
"Pr. indbygger, løbende priser (kr.)","I alt (netto)","3.22.08 Kommunale specialskoler, behandlings- og specialundervisningstilbud samt specialundervisningstilbud på børne- og ungehjem","Kalundborg",1841
"Pr. indbygger, løbende priser (kr.)","I alt (netto)","3.22.08 Kommunale specialskoler, behandlings- og specialundervisningstilbud samt specialundervisningstilbud på børne- og ungehjem","Lolland",1569
"Pr. indbygger, løbende priser (kr.)","I alt (netto)","3.22.08 Kommunale specialskoler, behandlings- og specialundervisningstilbud samt specialundervisningstilbud på børne- og ungehjem","Næstved",590
"Pr. indbygger, løbende priser (kr.)","I alt (netto)","3.22.08 Kommunale specialskoler, behandlings- og specialundervisningstilbud samt specialundervisningstilbud på børne- og ungehjem","Odsherred",2448
"Pr. indbygger, løbende priser (kr.)","I alt (netto)","3.22.08 Kommunale specialskoler, behandlings- og specialundervisningstilbud samt specialundervisningstilbud på børne- og ungehjem","Ringsted",1871
"Pr. indbygger, løbende priser (kr.)","I alt (netto)","3.22.08 Kommunale specialskoler, behandlings- og specialundervisningstilbud samt specialundervisningstilbud på børne- og ungehjem","Slagelse",1919
"Pr. indbygger, løbende priser (kr.)","I alt (netto)","3.22.08 Kommunale specialskoler, behandlings- og specialundervisningstilbud samt specialundervisningstilbud på børne- og ungehjem","Sorø",928
"Pr. indbygger, løbende priser (kr.)","I alt (netto)","3.22.08 Kommunale specialskoler, behandlings- og specialundervisningstilbud samt specialundervisningstilbud på børne- og ungehjem","Stevns",736
"Pr. indbygger, løbende priser (kr.)","I alt (netto)","3.22.08 Kommunale specialskoler, behandlings- og specialundervisningstilbud samt specialundervisningstilbud på børne- og ungehjem","Vordingborg",1309
"Pr. indbygger, løbende priser (kr.)","I alt (netto)","3.22.08 Kommunale specialskoler, behandlings- og specialundervisningstilbud samt specialundervisningstilbud på børne- og ungehjem","Assens",1371
"Pr. indbygger, løbende priser (kr.)","I alt (netto)","3.22.08 Kommunale specialskoler, behandlings- og specialundervisningstilbud samt specialundervisningstilbud på børne- og ungehjem","Faaborg-Midtfyn",1464
"Pr. indbygger, løbende priser (kr.)","I alt (netto)","3.22.08 Kommunale specialskoler, behandlings- og specialundervisningstilbud samt specialundervisningstilbud på børne- og ungehjem","Kerteminde",464
"Pr. indbygger, løbende priser (kr.)","I alt (netto)","3.22.08 Kommunale specialskoler, behandlings- og specialundervisningstilbud samt specialundervisningstilbud på børne- og ungehjem","Langeland",1485
"Pr. indbygger, løbende priser (kr.)","I alt (netto)","3.22.08 Kommunale specialskoler, behandlings- og specialundervisningstilbud samt specialundervisningstilbud på børne- og ungehjem","Middelfart",1036
"Pr. indbygger, løbende priser (kr.)","I alt (netto)","3.22.08 Kommunale specialskoler, behandlings- og specialundervisningstilbud samt specialundervisningstilbud på børne- og ungehjem","Nordfyns",2137
"Pr. indbygger, løbende priser (kr.)","I alt (netto)","3.22.08 Kommunale specialskoler, behandlings- og specialundervisningstilbud samt specialundervisningstilbud på børne- og ungehjem","Nyborg",716
"Pr. indbygger, løbende priser (kr.)","I alt (netto)","3.22.08 Kommunale specialskoler, behandlings- og specialundervisningstilbud samt specialundervisningstilbud på børne- og ungehjem","Odense",631
"Pr. indbygger, løbende priser (kr.)","I alt (netto)","3.22.08 Kommunale specialskoler, behandlings- og specialundervisningstilbud samt specialundervisningstilbud på børne- og ungehjem","Svendborg",1175
"Pr. indbygger, løbende priser (kr.)","I alt (netto)","3.22.08 Kommunale specialskoler, behandlings- og specialundervisningstilbud samt specialundervisningstilbud på børne- og ungehjem","Ærø",0
"Pr. indbygger, løbende priser (kr.)","I alt (netto)","3.22.08 Kommunale specialskoler, behandlings- og specialundervisningstilbud samt specialundervisningstilbud på børne- og ungehjem","Billund",400
"Pr. indbygger, løbende priser (kr.)","I alt (netto)","3.22.08 Kommunale specialskoler, behandlings- og specialundervisningstilbud samt specialundervisningstilbud på børne- og ungehjem","Esbjerg",16
"Pr. indbygger, løbende priser (kr.)","I alt (netto)","3.22.08 Kommunale specialskoler, behandlings- og specialundervisningstilbud samt specialundervisningstilbud på børne- og ungehjem","Fanø",509
"Pr. indbygger, løbende priser (kr.)","I alt (netto)","3.22.08 Kommunale specialskoler, behandlings- og specialundervisningstilbud samt specialundervisningstilbud på børne- og ungehjem","Fredericia",1938
"Pr. indbygger, løbende priser (kr.)","I alt (netto)","3.22.08 Kommunale specialskoler, behandlings- og specialundervisningstilbud samt specialundervisningstilbud på børne- og ungehjem","Haderslev",1479
"Pr. indbygger, løbende priser (kr.)","I alt (netto)","3.22.08 Kommunale specialskoler, behandlings- og specialundervisningstilbud samt specialundervisningstilbud på børne- og ungehjem","Kolding",1682
"Pr. indbygger, løbende priser (kr.)","I alt (netto)","3.22.08 Kommunale specialskoler, behandlings- og specialundervisningstilbud samt specialundervisningstilbud på børne- og ungehjem","Sønderborg",869
"Pr. indbygger, løbende priser (kr.)","I alt (netto)","3.22.08 Kommunale specialskoler, behandlings- og specialundervisningstilbud samt specialundervisningstilbud på børne- og ungehjem","Tønder",1028
"Pr. indbygger, løbende priser (kr.)","I alt (netto)","3.22.08 Kommunale specialskoler, behandlings- og specialundervisningstilbud samt specialundervisningstilbud på børne- og ungehjem","Varde",1447
"Pr. indbygger, løbende priser (kr.)","I alt (netto)","3.22.08 Kommunale specialskoler, behandlings- og specialundervisningstilbud samt specialundervisningstilbud på børne- og ungehjem","Vejen",193
"Pr. indbygger, løbende priser (kr.)","I alt (netto)","3.22.08 Kommunale specialskoler, behandlings- og specialundervisningstilbud samt specialundervisningstilbud på børne- og ungehjem","Vejle",915
"Pr. indbygger, løbende priser (kr.)","I alt (netto)","3.22.08 Kommunale specialskoler, behandlings- og specialundervisningstilbud samt specialundervisningstilbud på børne- og ungehjem","Aabenraa",1377
"Pr. indbygger, løbende priser (kr.)","I alt (netto)","3.22.08 Kommunale specialskoler, behandlings- og specialundervisningstilbud samt specialundervisningstilbud på børne- og ungehjem","Favrskov",453
"Pr. indbygger, løbende priser (kr.)","I alt (netto)","3.22.08 Kommunale specialskoler, behandlings- og specialundervisningstilbud samt specialundervisningstilbud på børne- og ungehjem","Hedensted",534
"Pr. indbygger, løbende priser (kr.)","I alt (netto)","3.22.08 Kommunale specialskoler, behandlings- og specialundervisningstilbud samt specialundervisningstilbud på børne- og ungehjem","Horsens",770
"Pr. indbygger, løbende priser (kr.)","I alt (netto)","3.22.08 Kommunale specialskoler, behandlings- og specialundervisningstilbud samt specialundervisningstilbud på børne- og ungehjem","Norddjurs",2559
"Pr. indbygger, løbende priser (kr.)","I alt (netto)","3.22.08 Kommunale specialskoler, behandlings- og specialundervisningstilbud samt specialundervisningstilbud på børne- og ungehjem","Odder",1667
"Pr. indbygger, løbende priser (kr.)","I alt (netto)","3.22.08 Kommunale specialskoler, behandlings- og specialundervisningstilbud samt specialundervisningstilbud på børne- og ungehjem","Randers",1178
"Pr. indbygger, løbende priser (kr.)","I alt (netto)","3.22.08 Kommunale specialskoler, behandlings- og specialundervisningstilbud samt specialundervisningstilbud på børne- og ungehjem","Samsø",0
"Pr. indbygger, løbende priser (kr.)","I alt (netto)","3.22.08 Kommunale specialskoler, behandlings- og specialundervisningstilbud samt specialundervisningstilbud på børne- og ungehjem","Silkeborg",558
"Pr. indbygger, løbende priser (kr.)","I alt (netto)","3.22.08 Kommunale specialskoler, behandlings- og specialundervisningstilbud samt specialundervisningstilbud på børne- og ungehjem","Skanderborg",1340
"Pr. indbygger, løbende priser (kr.)","I alt (netto)","3.22.08 Kommunale specialskoler, behandlings- og specialundervisningstilbud samt specialundervisningstilbud på børne- og ungehjem","Syddjurs",1177
"Pr. indbygger, løbende priser (kr.)","I alt (netto)","3.22.08 Kommunale specialskoler, behandlings- og specialundervisningstilbud samt specialundervisningstilbud på børne- og ungehjem","Aarhus",552
"Pr. indbygger, løbende priser (kr.)","I alt (netto)","3.22.08 Kommunale specialskoler, behandlings- og specialundervisningstilbud samt specialundervisningstilbud på børne- og ungehjem","Herning",723
"Pr. indbygger, løbende priser (kr.)","I alt (netto)","3.22.08 Kommunale specialskoler, behandlings- og specialundervisningstilbud samt specialundervisningstilbud på børne- og ungehjem","Holstebro",1387
"Pr. indbygger, løbende priser (kr.)","I alt (netto)","3.22.08 Kommunale specialskoler, behandlings- og specialundervisningstilbud samt specialundervisningstilbud på børne- og ungehjem","Ikast-Brande",709
"Pr. indbygger, løbende priser (kr.)","I alt (netto)","3.22.08 Kommunale specialskoler, behandlings- og specialundervisningstilbud samt specialundervisningstilbud på børne- og ungehjem","Lemvig",135
"Pr. indbygger, løbende priser (kr.)","I alt (netto)","3.22.08 Kommunale specialskoler, behandlings- og specialundervisningstilbud samt specialundervisningstilbud på børne- og ungehjem","Ringkøbing-Skjern",1146
"Pr. indbygger, løbende priser (kr.)","I alt (netto)","3.22.08 Kommunale specialskoler, behandlings- og specialundervisningstilbud samt specialundervisningstilbud på børne- og ungehjem","Skive",1038
"Pr. indbygger, løbende priser (kr.)","I alt (netto)","3.22.08 Kommunale specialskoler, behandlings- og specialundervisningstilbud samt specialundervisningstilbud på børne- og ungehjem","Struer",594
"Pr. indbygger, løbende priser (kr.)","I alt (netto)","3.22.08 Kommunale specialskoler, behandlings- og specialundervisningstilbud samt specialundervisningstilbud på børne- og ungehjem","Viborg",408
"Pr. indbygger, løbende priser (kr.)","I alt (netto)","3.22.08 Kommunale specialskoler, behandlings- og specialundervisningstilbud samt specialundervisningstilbud på børne- og ungehjem","Brønderslev",428
"Pr. indbygger, løbende priser (kr.)","I alt (netto)","3.22.08 Kommunale specialskoler, behandlings- og specialundervisningstilbud samt specialundervisningstilbud på børne- og ungehjem","Frederikshavn",9
"Pr. indbygger, løbende priser (kr.)","I alt (netto)","3.22.08 Kommunale specialskoler, behandlings- og specialundervisningstilbud samt specialundervisningstilbud på børne- og ungehjem","Hjørring",1510
"Pr. indbygger, løbende priser (kr.)","I alt (netto)","3.22.08 Kommunale specialskoler, behandlings- og specialundervisningstilbud samt specialundervisningstilbud på børne- og ungehjem","Jammerbugt",87
"Pr. indbygger, løbende priser (kr.)","I alt (netto)","3.22.08 Kommunale specialskoler, behandlings- og specialundervisningstilbud samt specialundervisningstilbud på børne- og ungehjem","Læsø",0
"Pr. indbygger, løbende priser (kr.)","I alt (netto)","3.22.08 Kommunale specialskoler, behandlings- og specialundervisningstilbud samt specialundervisningstilbud på børne- og ungehjem","Mariagerfjord",369
"Pr. indbygger, løbende priser (kr.)","I alt (netto)","3.22.08 Kommunale specialskoler, behandlings- og specialundervisningstilbud samt specialundervisningstilbud på børne- og ungehjem","Morsø",875
"Pr. indbygger, løbende priser (kr.)","I alt (netto)","3.22.08 Kommunale specialskoler, behandlings- og specialundervisningstilbud samt specialundervisningstilbud på børne- og ungehjem","Rebild",554
"Pr. indbygger, løbende priser (kr.)","I alt (netto)","3.22.08 Kommunale specialskoler, behandlings- og specialundervisningstilbud samt specialundervisningstilbud på børne- og ungehjem","Thisted",1600
"Pr. indbygger, løbende priser (kr.)","I alt (netto)","3.22.08 Kommunale specialskoler, behandlings- og specialundervisningstilbud samt specialundervisningstilbud på børne- og ungehjem","Vesthimmerlands",1314
"Pr. indbygger, løbende priser (kr.)","I alt (netto)","3.22.08 Kommunale specialskoler, behandlings- og specialundervisningstilbud samt specialundervisningstilbud på børne- og ungehjem","Aalborg",462
"Pr. indbygger, løbende priser (kr.)","I alt (netto)","3.22.10 Bidrag til staten for elever på private skoler","Hele landet",884
"Pr. indbygger, løbende priser (kr.)","I alt (netto)","3.22.10 Bidrag til staten for elever på private skoler","København",880
"Pr. indbygger, løbende priser (kr.)","I alt (netto)","3.22.10 Bidrag til staten for elever på private skoler","Frederiksberg",798
"Pr. indbygger, løbende priser (kr.)","I alt (netto)","3.22.10 Bidrag til staten for elever på private skoler","Dragør",200
"Pr. indbygger, løbende priser (kr.)","I alt (netto)","3.22.10 Bidrag til staten for elever på private skoler","Tårnby",629
"Pr. indbygger, løbende priser (kr.)","I alt (netto)","3.22.10 Bidrag til staten for elever på private skoler","Albertslund",815
"Pr. indbygger, løbende priser (kr.)","I alt (netto)","3.22.10 Bidrag til staten for elever på private skoler","Ballerup",725
"Pr. indbygger, løbende priser (kr.)","I alt (netto)","3.22.10 Bidrag til staten for elever på private skoler","Brøndby",885
"Pr. indbygger, løbende priser (kr.)","I alt (netto)","3.22.10 Bidrag til staten for elever på private skoler","Gentofte",1527
"Pr. indbygger, løbende priser (kr.)","I alt (netto)","3.22.10 Bidrag til staten for elever på private skoler","Gladsaxe",1271
"Pr. indbygger, løbende priser (kr.)","I alt (netto)","3.22.10 Bidrag til staten for elever på private skoler","Glostrup",528
"Pr. indbygger, løbende priser (kr.)","I alt (netto)","3.22.10 Bidrag til staten for elever på private skoler","Herlev",1054
"Pr. indbygger, løbende priser (kr.)","I alt (netto)","3.22.10 Bidrag til staten for elever på private skoler","Hvidovre",655
"Pr. indbygger, løbende priser (kr.)","I alt (netto)","3.22.10 Bidrag til staten for elever på private skoler","Høje-Taastrup",1170
"Pr. indbygger, løbende priser (kr.)","I alt (netto)","3.22.10 Bidrag til staten for elever på private skoler","Ishøj",1188
"Pr. indbygger, løbende priser (kr.)","I alt (netto)","3.22.10 Bidrag til staten for elever på private skoler","Lyngby-Taarbæk",757
"Pr. indbygger, løbende priser (kr.)","I alt (netto)","3.22.10 Bidrag til staten for elever på private skoler","Rødovre",650
"Pr. indbygger, løbende priser (kr.)","I alt (netto)","3.22.10 Bidrag til staten for elever på private skoler","Vallensbæk",584
"Pr. indbygger, løbende priser (kr.)","I alt (netto)","3.22.10 Bidrag til staten for elever på private skoler","Allerød",905
"Pr. indbygger, løbende priser (kr.)","I alt (netto)","3.22.10 Bidrag til staten for elever på private skoler","Egedal",813
"Pr. indbygger, løbende priser (kr.)","I alt (netto)","3.22.10 Bidrag til staten for elever på private skoler","Fredensborg",1061
"Pr. indbygger, løbende priser (kr.)","I alt (netto)","3.22.10 Bidrag til staten for elever på private skoler","Frederikssund",1039
"Pr. indbygger, løbende priser (kr.)","I alt (netto)","3.22.10 Bidrag til staten for elever på private skoler","Furesø",957
"Pr. indbygger, løbende priser (kr.)","I alt (netto)","3.22.10 Bidrag til staten for elever på private skoler","Gribskov",1195
"Pr. indbygger, løbende priser (kr.)","I alt (netto)","3.22.10 Bidrag til staten for elever på private skoler","Halsnæs",1181
"Pr. indbygger, løbende priser (kr.)","I alt (netto)","3.22.10 Bidrag til staten for elever på private skoler","Helsingør",789
"Pr. indbygger, løbende priser (kr.)","I alt (netto)","3.22.10 Bidrag til staten for elever på private skoler","Hillerød",1202
"Pr. indbygger, løbende priser (kr.)","I alt (netto)","3.22.10 Bidrag til staten for elever på private skoler","Hørsholm",1457
"Pr. indbygger, løbende priser (kr.)","I alt (netto)","3.22.10 Bidrag til staten for elever på private skoler","Rudersdal",876
"Pr. indbygger, løbende priser (kr.)","I alt (netto)","3.22.10 Bidrag til staten for elever på private skoler","Bornholm",1447
"Pr. indbygger, løbende priser (kr.)","I alt (netto)","3.22.10 Bidrag til staten for elever på private skoler","Greve",807
"Pr. indbygger, løbende priser (kr.)","I alt (netto)","3.22.10 Bidrag til staten for elever på private skoler","Køge",831
"Pr. indbygger, løbende priser (kr.)","I alt (netto)","3.22.10 Bidrag til staten for elever på private skoler","Lejre",893
"Pr. indbygger, løbende priser (kr.)","I alt (netto)","3.22.10 Bidrag til staten for elever på private skoler","Roskilde",871
"Pr. indbygger, løbende priser (kr.)","I alt (netto)","3.22.10 Bidrag til staten for elever på private skoler","Solrød",839
"Pr. indbygger, løbende priser (kr.)","I alt (netto)","3.22.10 Bidrag til staten for elever på private skoler","Faxe",929
"Pr. indbygger, løbende priser (kr.)","I alt (netto)","3.22.10 Bidrag til staten for elever på private skoler","Guldborgsund",777
"Pr. indbygger, løbende priser (kr.)","I alt (netto)","3.22.10 Bidrag til staten for elever på private skoler","Holbæk",1519
"Pr. indbygger, løbende priser (kr.)","I alt (netto)","3.22.10 Bidrag til staten for elever på private skoler","Kalundborg",1239
"Pr. indbygger, løbende priser (kr.)","I alt (netto)","3.22.10 Bidrag til staten for elever på private skoler","Lolland",1280
"Pr. indbygger, løbende priser (kr.)","I alt (netto)","3.22.10 Bidrag til staten for elever på private skoler","Næstved",709
"Pr. indbygger, løbende priser (kr.)","I alt (netto)","3.22.10 Bidrag til staten for elever på private skoler","Odsherred",990
"Pr. indbygger, løbende priser (kr.)","I alt (netto)","3.22.10 Bidrag til staten for elever på private skoler","Ringsted",1447
"Pr. indbygger, løbende priser (kr.)","I alt (netto)","3.22.10 Bidrag til staten for elever på private skoler","Slagelse",934
"Pr. indbygger, løbende priser (kr.)","I alt (netto)","3.22.10 Bidrag til staten for elever på private skoler","Sorø",1027
"Pr. indbygger, løbende priser (kr.)","I alt (netto)","3.22.10 Bidrag til staten for elever på private skoler","Stevns",1267
"Pr. indbygger, løbende priser (kr.)","I alt (netto)","3.22.10 Bidrag til staten for elever på private skoler","Vordingborg",1065
"Pr. indbygger, løbende priser (kr.)","I alt (netto)","3.22.10 Bidrag til staten for elever på private skoler","Assens",967
"Pr. indbygger, løbende priser (kr.)","I alt (netto)","3.22.10 Bidrag til staten for elever på private skoler","Faaborg-Midtfyn",1651
"Pr. indbygger, løbende priser (kr.)","I alt (netto)","3.22.10 Bidrag til staten for elever på private skoler","Kerteminde",671
"Pr. indbygger, løbende priser (kr.)","I alt (netto)","3.22.10 Bidrag til staten for elever på private skoler","Langeland",367
"Pr. indbygger, løbende priser (kr.)","I alt (netto)","3.22.10 Bidrag til staten for elever på private skoler","Middelfart",1040
"Pr. indbygger, løbende priser (kr.)","I alt (netto)","3.22.10 Bidrag til staten for elever på private skoler","Nordfyns",511
"Pr. indbygger, løbende priser (kr.)","I alt (netto)","3.22.10 Bidrag til staten for elever på private skoler","Nyborg",1512
"Pr. indbygger, løbende priser (kr.)","I alt (netto)","3.22.10 Bidrag til staten for elever på private skoler","Odense",935
"Pr. indbygger, løbende priser (kr.)","I alt (netto)","3.22.10 Bidrag til staten for elever på private skoler","Svendborg",1100
"Pr. indbygger, løbende priser (kr.)","I alt (netto)","3.22.10 Bidrag til staten for elever på private skoler","Ærø",782
"Pr. indbygger, løbende priser (kr.)","I alt (netto)","3.22.10 Bidrag til staten for elever på private skoler","Billund",969
"Pr. indbygger, løbende priser (kr.)","I alt (netto)","3.22.10 Bidrag til staten for elever på private skoler","Esbjerg",646
"Pr. indbygger, løbende priser (kr.)","I alt (netto)","3.22.10 Bidrag til staten for elever på private skoler","Fanø",36
"Pr. indbygger, løbende priser (kr.)","I alt (netto)","3.22.10 Bidrag til staten for elever på private skoler","Fredericia",898
"Pr. indbygger, løbende priser (kr.)","I alt (netto)","3.22.10 Bidrag til staten for elever på private skoler","Haderslev",1225
"Pr. indbygger, løbende priser (kr.)","I alt (netto)","3.22.10 Bidrag til staten for elever på private skoler","Kolding",882
"Pr. indbygger, løbende priser (kr.)","I alt (netto)","3.22.10 Bidrag til staten for elever på private skoler","Sønderborg",1115
"Pr. indbygger, løbende priser (kr.)","I alt (netto)","3.22.10 Bidrag til staten for elever på private skoler","Tønder",1333
"Pr. indbygger, løbende priser (kr.)","I alt (netto)","3.22.10 Bidrag til staten for elever på private skoler","Varde",480
"Pr. indbygger, løbende priser (kr.)","I alt (netto)","3.22.10 Bidrag til staten for elever på private skoler","Vejen",576
"Pr. indbygger, løbende priser (kr.)","I alt (netto)","3.22.10 Bidrag til staten for elever på private skoler","Vejle",1051
"Pr. indbygger, løbende priser (kr.)","I alt (netto)","3.22.10 Bidrag til staten for elever på private skoler","Aabenraa",883
"Pr. indbygger, løbende priser (kr.)","I alt (netto)","3.22.10 Bidrag til staten for elever på private skoler","Favrskov",659
"Pr. indbygger, løbende priser (kr.)","I alt (netto)","3.22.10 Bidrag til staten for elever på private skoler","Hedensted",609
"Pr. indbygger, løbende priser (kr.)","I alt (netto)","3.22.10 Bidrag til staten for elever på private skoler","Horsens",700
"Pr. indbygger, løbende priser (kr.)","I alt (netto)","3.22.10 Bidrag til staten for elever på private skoler","Norddjurs",698
"Pr. indbygger, løbende priser (kr.)","I alt (netto)","3.22.10 Bidrag til staten for elever på private skoler","Odder",1318
"Pr. indbygger, løbende priser (kr.)","I alt (netto)","3.22.10 Bidrag til staten for elever på private skoler","Randers",1201
"Pr. indbygger, løbende priser (kr.)","I alt (netto)","3.22.10 Bidrag til staten for elever på private skoler","Samsø",736
"Pr. indbygger, løbende priser (kr.)","I alt (netto)","3.22.10 Bidrag til staten for elever på private skoler","Silkeborg",647
"Pr. indbygger, løbende priser (kr.)","I alt (netto)","3.22.10 Bidrag til staten for elever på private skoler","Skanderborg",755
"Pr. indbygger, løbende priser (kr.)","I alt (netto)","3.22.10 Bidrag til staten for elever på private skoler","Syddjurs",966
"Pr. indbygger, løbende priser (kr.)","I alt (netto)","3.22.10 Bidrag til staten for elever på private skoler","Aarhus",627
"Pr. indbygger, løbende priser (kr.)","I alt (netto)","3.22.10 Bidrag til staten for elever på private skoler","Herning",774
"Pr. indbygger, løbende priser (kr.)","I alt (netto)","3.22.10 Bidrag til staten for elever på private skoler","Holstebro",1067
"Pr. indbygger, løbende priser (kr.)","I alt (netto)","3.22.10 Bidrag til staten for elever på private skoler","Ikast-Brande",688
"Pr. indbygger, løbende priser (kr.)","I alt (netto)","3.22.10 Bidrag til staten for elever på private skoler","Lemvig",426
"Pr. indbygger, løbende priser (kr.)","I alt (netto)","3.22.10 Bidrag til staten for elever på private skoler","Ringkøbing-Skjern",966
"Pr. indbygger, løbende priser (kr.)","I alt (netto)","3.22.10 Bidrag til staten for elever på private skoler","Skive",290
"Pr. indbygger, løbende priser (kr.)","I alt (netto)","3.22.10 Bidrag til staten for elever på private skoler","Struer",311
"Pr. indbygger, løbende priser (kr.)","I alt (netto)","3.22.10 Bidrag til staten for elever på private skoler","Viborg",886
"Pr. indbygger, løbende priser (kr.)","I alt (netto)","3.22.10 Bidrag til staten for elever på private skoler","Brønderslev",571
"Pr. indbygger, løbende priser (kr.)","I alt (netto)","3.22.10 Bidrag til staten for elever på private skoler","Frederikshavn",834
"Pr. indbygger, løbende priser (kr.)","I alt (netto)","3.22.10 Bidrag til staten for elever på private skoler","Hjørring",1019
"Pr. indbygger, løbende priser (kr.)","I alt (netto)","3.22.10 Bidrag til staten for elever på private skoler","Jammerbugt",544
"Pr. indbygger, løbende priser (kr.)","I alt (netto)","3.22.10 Bidrag til staten for elever på private skoler","Læsø",0
"Pr. indbygger, løbende priser (kr.)","I alt (netto)","3.22.10 Bidrag til staten for elever på private skoler","Mariagerfjord",733
"Pr. indbygger, løbende priser (kr.)","I alt (netto)","3.22.10 Bidrag til staten for elever på private skoler","Morsø",1280
"Pr. indbygger, løbende priser (kr.)","I alt (netto)","3.22.10 Bidrag til staten for elever på private skoler","Rebild",443
"Pr. indbygger, løbende priser (kr.)","I alt (netto)","3.22.10 Bidrag til staten for elever på private skoler","Thisted",812
"Pr. indbygger, løbende priser (kr.)","I alt (netto)","3.22.10 Bidrag til staten for elever på private skoler","Vesthimmerlands",847
"Pr. indbygger, løbende priser (kr.)","I alt (netto)","3.22.10 Bidrag til staten for elever på private skoler","Aalborg",561
"Pr. indbygger, løbende priser (kr.)","I alt (netto)","3.32.50 Folkebiblioteker","Hele landet",438
"Pr. indbygger, løbende priser (kr.)","I alt (netto)","3.32.50 Folkebiblioteker","København",300
"Pr. indbygger, løbende priser (kr.)","I alt (netto)","3.32.50 Folkebiblioteker","Frederiksberg",540
"Pr. indbygger, løbende priser (kr.)","I alt (netto)","3.32.50 Folkebiblioteker","Dragør",514
"Pr. indbygger, løbende priser (kr.)","I alt (netto)","3.32.50 Folkebiblioteker","Tårnby",740
"Pr. indbygger, løbende priser (kr.)","I alt (netto)","3.32.50 Folkebiblioteker","Albertslund",778
"Pr. indbygger, løbende priser (kr.)","I alt (netto)","3.32.50 Folkebiblioteker","Ballerup",703
"Pr. indbygger, løbende priser (kr.)","I alt (netto)","3.32.50 Folkebiblioteker","Brøndby",312
"Pr. indbygger, løbende priser (kr.)","I alt (netto)","3.32.50 Folkebiblioteker","Gentofte",676
"Pr. indbygger, løbende priser (kr.)","I alt (netto)","3.32.50 Folkebiblioteker","Gladsaxe",719
"Pr. indbygger, løbende priser (kr.)","I alt (netto)","3.32.50 Folkebiblioteker","Glostrup",516
"Pr. indbygger, løbende priser (kr.)","I alt (netto)","3.32.50 Folkebiblioteker","Herlev",626
"Pr. indbygger, løbende priser (kr.)","I alt (netto)","3.32.50 Folkebiblioteker","Hvidovre",619
"Pr. indbygger, løbende priser (kr.)","I alt (netto)","3.32.50 Folkebiblioteker","Høje-Taastrup",475
"Pr. indbygger, løbende priser (kr.)","I alt (netto)","3.32.50 Folkebiblioteker","Ishøj",593
"Pr. indbygger, løbende priser (kr.)","I alt (netto)","3.32.50 Folkebiblioteker","Lyngby-Taarbæk",613
"Pr. indbygger, løbende priser (kr.)","I alt (netto)","3.32.50 Folkebiblioteker","Rødovre",534
"Pr. indbygger, løbende priser (kr.)","I alt (netto)","3.32.50 Folkebiblioteker","Vallensbæk",296
"Pr. indbygger, løbende priser (kr.)","I alt (netto)","3.32.50 Folkebiblioteker","Allerød",554
"Pr. indbygger, løbende priser (kr.)","I alt (netto)","3.32.50 Folkebiblioteker","Egedal",384
"Pr. indbygger, løbende priser (kr.)","I alt (netto)","3.32.50 Folkebiblioteker","Fredensborg",550
"Pr. indbygger, løbende priser (kr.)","I alt (netto)","3.32.50 Folkebiblioteker","Frederikssund",488
"Pr. indbygger, løbende priser (kr.)","I alt (netto)","3.32.50 Folkebiblioteker","Furesø",411
"Pr. indbygger, løbende priser (kr.)","I alt (netto)","3.32.50 Folkebiblioteker","Gribskov",515
"Pr. indbygger, løbende priser (kr.)","I alt (netto)","3.32.50 Folkebiblioteker","Halsnæs",403
"Pr. indbygger, løbende priser (kr.)","I alt (netto)","3.32.50 Folkebiblioteker","Helsingør",724
"Pr. indbygger, løbende priser (kr.)","I alt (netto)","3.32.50 Folkebiblioteker","Hillerød",463
"Pr. indbygger, løbende priser (kr.)","I alt (netto)","3.32.50 Folkebiblioteker","Hørsholm",453
"Pr. indbygger, løbende priser (kr.)","I alt (netto)","3.32.50 Folkebiblioteker","Rudersdal",586
"Pr. indbygger, løbende priser (kr.)","I alt (netto)","3.32.50 Folkebiblioteker","Bornholm",465
"Pr. indbygger, løbende priser (kr.)","I alt (netto)","3.32.50 Folkebiblioteker","Greve",365
"Pr. indbygger, løbende priser (kr.)","I alt (netto)","3.32.50 Folkebiblioteker","Køge",504
"Pr. indbygger, løbende priser (kr.)","I alt (netto)","3.32.50 Folkebiblioteker","Lejre",358
"Pr. indbygger, løbende priser (kr.)","I alt (netto)","3.32.50 Folkebiblioteker","Roskilde",643
"Pr. indbygger, løbende priser (kr.)","I alt (netto)","3.32.50 Folkebiblioteker","Solrød",499
"Pr. indbygger, løbende priser (kr.)","I alt (netto)","3.32.50 Folkebiblioteker","Faxe",410
"Pr. indbygger, løbende priser (kr.)","I alt (netto)","3.32.50 Folkebiblioteker","Guldborgsund",576
"Pr. indbygger, løbende priser (kr.)","I alt (netto)","3.32.50 Folkebiblioteker","Holbæk",405
"Pr. indbygger, løbende priser (kr.)","I alt (netto)","3.32.50 Folkebiblioteker","Kalundborg",424
"Pr. indbygger, løbende priser (kr.)","I alt (netto)","3.32.50 Folkebiblioteker","Lolland",448
"Pr. indbygger, løbende priser (kr.)","I alt (netto)","3.32.50 Folkebiblioteker","Næstved",426
"Pr. indbygger, løbende priser (kr.)","I alt (netto)","3.32.50 Folkebiblioteker","Odsherred",618
"Pr. indbygger, løbende priser (kr.)","I alt (netto)","3.32.50 Folkebiblioteker","Ringsted",454
"Pr. indbygger, løbende priser (kr.)","I alt (netto)","3.32.50 Folkebiblioteker","Slagelse",392
"Pr. indbygger, løbende priser (kr.)","I alt (netto)","3.32.50 Folkebiblioteker","Sorø",350
"Pr. indbygger, løbende priser (kr.)","I alt (netto)","3.32.50 Folkebiblioteker","Stevns",414
"Pr. indbygger, løbende priser (kr.)","I alt (netto)","3.32.50 Folkebiblioteker","Vordingborg",443
"Pr. indbygger, løbende priser (kr.)","I alt (netto)","3.32.50 Folkebiblioteker","Assens",411
"Pr. indbygger, løbende priser (kr.)","I alt (netto)","3.32.50 Folkebiblioteker","Faaborg-Midtfyn",407
"Pr. indbygger, løbende priser (kr.)","I alt (netto)","3.32.50 Folkebiblioteker","Kerteminde",333
"Pr. indbygger, løbende priser (kr.)","I alt (netto)","3.32.50 Folkebiblioteker","Langeland",425
"Pr. indbygger, løbende priser (kr.)","I alt (netto)","3.32.50 Folkebiblioteker","Middelfart",472
"Pr. indbygger, løbende priser (kr.)","I alt (netto)","3.32.50 Folkebiblioteker","Nordfyns",364
"Pr. indbygger, løbende priser (kr.)","I alt (netto)","3.32.50 Folkebiblioteker","Nyborg",407
"Pr. indbygger, løbende priser (kr.)","I alt (netto)","3.32.50 Folkebiblioteker","Odense",409
"Pr. indbygger, løbende priser (kr.)","I alt (netto)","3.32.50 Folkebiblioteker","Svendborg",426
"Pr. indbygger, løbende priser (kr.)","I alt (netto)","3.32.50 Folkebiblioteker","Ærø",568
"Pr. indbygger, løbende priser (kr.)","I alt (netto)","3.32.50 Folkebiblioteker","Billund",425
"Pr. indbygger, løbende priser (kr.)","I alt (netto)","3.32.50 Folkebiblioteker","Esbjerg",423
"Pr. indbygger, løbende priser (kr.)","I alt (netto)","3.32.50 Folkebiblioteker","Fanø",633
"Pr. indbygger, løbende priser (kr.)","I alt (netto)","3.32.50 Folkebiblioteker","Fredericia",371
"Pr. indbygger, løbende priser (kr.)","I alt (netto)","3.32.50 Folkebiblioteker","Haderslev",303
"Pr. indbygger, løbende priser (kr.)","I alt (netto)","3.32.50 Folkebiblioteker","Kolding",358
"Pr. indbygger, løbende priser (kr.)","I alt (netto)","3.32.50 Folkebiblioteker","Sønderborg",499
"Pr. indbygger, løbende priser (kr.)","I alt (netto)","3.32.50 Folkebiblioteker","Tønder",459
"Pr. indbygger, løbende priser (kr.)","I alt (netto)","3.32.50 Folkebiblioteker","Varde",503
"Pr. indbygger, løbende priser (kr.)","I alt (netto)","3.32.50 Folkebiblioteker","Vejen",423
"Pr. indbygger, løbende priser (kr.)","I alt (netto)","3.32.50 Folkebiblioteker","Vejle",364
"Pr. indbygger, løbende priser (kr.)","I alt (netto)","3.32.50 Folkebiblioteker","Aabenraa",522
"Pr. indbygger, løbende priser (kr.)","I alt (netto)","3.32.50 Folkebiblioteker","Favrskov",387
"Pr. indbygger, løbende priser (kr.)","I alt (netto)","3.32.50 Folkebiblioteker","Hedensted",336
"Pr. indbygger, løbende priser (kr.)","I alt (netto)","3.32.50 Folkebiblioteker","Horsens",418
"Pr. indbygger, løbende priser (kr.)","I alt (netto)","3.32.50 Folkebiblioteker","Norddjurs",423
"Pr. indbygger, løbende priser (kr.)","I alt (netto)","3.32.50 Folkebiblioteker","Odder",352
"Pr. indbygger, løbende priser (kr.)","I alt (netto)","3.32.50 Folkebiblioteker","Randers",425
"Pr. indbygger, løbende priser (kr.)","I alt (netto)","3.32.50 Folkebiblioteker","Samsø",503
"Pr. indbygger, løbende priser (kr.)","I alt (netto)","3.32.50 Folkebiblioteker","Silkeborg",399
"Pr. indbygger, løbende priser (kr.)","I alt (netto)","3.32.50 Folkebiblioteker","Skanderborg",363
"Pr. indbygger, løbende priser (kr.)","I alt (netto)","3.32.50 Folkebiblioteker","Syddjurs",376
"Pr. indbygger, løbende priser (kr.)","I alt (netto)","3.32.50 Folkebiblioteker","Aarhus",403
"Pr. indbygger, løbende priser (kr.)","I alt (netto)","3.32.50 Folkebiblioteker","Herning",494
"Pr. indbygger, løbende priser (kr.)","I alt (netto)","3.32.50 Folkebiblioteker","Holstebro",449
"Pr. indbygger, løbende priser (kr.)","I alt (netto)","3.32.50 Folkebiblioteker","Ikast-Brande",311
"Pr. indbygger, løbende priser (kr.)","I alt (netto)","3.32.50 Folkebiblioteker","Lemvig",513
"Pr. indbygger, løbende priser (kr.)","I alt (netto)","3.32.50 Folkebiblioteker","Ringkøbing-Skjern",365
"Pr. indbygger, løbende priser (kr.)","I alt (netto)","3.32.50 Folkebiblioteker","Skive",404
"Pr. indbygger, løbende priser (kr.)","I alt (netto)","3.32.50 Folkebiblioteker","Struer",443
"Pr. indbygger, løbende priser (kr.)","I alt (netto)","3.32.50 Folkebiblioteker","Viborg",392
"Pr. indbygger, løbende priser (kr.)","I alt (netto)","3.32.50 Folkebiblioteker","Brønderslev",423
"Pr. indbygger, løbende priser (kr.)","I alt (netto)","3.32.50 Folkebiblioteker","Frederikshavn",397
"Pr. indbygger, løbende priser (kr.)","I alt (netto)","3.32.50 Folkebiblioteker","Hjørring",526
"Pr. indbygger, løbende priser (kr.)","I alt (netto)","3.32.50 Folkebiblioteker","Jammerbugt",345
"Pr. indbygger, løbende priser (kr.)","I alt (netto)","3.32.50 Folkebiblioteker","Læsø",523
"Pr. indbygger, løbende priser (kr.)","I alt (netto)","3.32.50 Folkebiblioteker","Mariagerfjord",494
"Pr. indbygger, løbende priser (kr.)","I alt (netto)","3.32.50 Folkebiblioteker","Morsø",449
"Pr. indbygger, løbende priser (kr.)","I alt (netto)","3.32.50 Folkebiblioteker","Rebild",335
"Pr. indbygger, løbende priser (kr.)","I alt (netto)","3.32.50 Folkebiblioteker","Thisted",469
"Pr. indbygger, løbende priser (kr.)","I alt (netto)","3.32.50 Folkebiblioteker","Vesthimmerlands",387
"Pr. indbygger, løbende priser (kr.)","I alt (netto)","3.32.50 Folkebiblioteker","Aalborg",410
"Pr. indbygger, løbende priser (kr.)","I alt (netto)","4.62.81 Aktivitetsbestemt medfinansiering af sundhedsvæsenet","Hele landet",4072
"Pr. indbygger, løbende priser (kr.)","I alt (netto)","4.62.81 Aktivitetsbestemt medfinansiering af sundhedsvæsenet","København",3456
"Pr. indbygger, løbende priser (kr.)","I alt (netto)","4.62.81 Aktivitetsbestemt medfinansiering af sundhedsvæsenet","Frederiksberg",4378
"Pr. indbygger, løbende priser (kr.)","I alt (netto)","4.62.81 Aktivitetsbestemt medfinansiering af sundhedsvæsenet","Dragør",4643
"Pr. indbygger, løbende priser (kr.)","I alt (netto)","4.62.81 Aktivitetsbestemt medfinansiering af sundhedsvæsenet","Tårnby",4379
"Pr. indbygger, løbende priser (kr.)","I alt (netto)","4.62.81 Aktivitetsbestemt medfinansiering af sundhedsvæsenet","Albertslund",4575
"Pr. indbygger, løbende priser (kr.)","I alt (netto)","4.62.81 Aktivitetsbestemt medfinansiering af sundhedsvæsenet","Ballerup",4495
"Pr. indbygger, løbende priser (kr.)","I alt (netto)","4.62.81 Aktivitetsbestemt medfinansiering af sundhedsvæsenet","Brøndby",4631
"Pr. indbygger, løbende priser (kr.)","I alt (netto)","4.62.81 Aktivitetsbestemt medfinansiering af sundhedsvæsenet","Gentofte",4298
"Pr. indbygger, løbende priser (kr.)","I alt (netto)","4.62.81 Aktivitetsbestemt medfinansiering af sundhedsvæsenet","Gladsaxe",4206
"Pr. indbygger, løbende priser (kr.)","I alt (netto)","4.62.81 Aktivitetsbestemt medfinansiering af sundhedsvæsenet","Glostrup",4759
"Pr. indbygger, løbende priser (kr.)","I alt (netto)","4.62.81 Aktivitetsbestemt medfinansiering af sundhedsvæsenet","Herlev",4390
"Pr. indbygger, løbende priser (kr.)","I alt (netto)","4.62.81 Aktivitetsbestemt medfinansiering af sundhedsvæsenet","Hvidovre",4554
"Pr. indbygger, løbende priser (kr.)","I alt (netto)","4.62.81 Aktivitetsbestemt medfinansiering af sundhedsvæsenet","Høje-Taastrup",3885
"Pr. indbygger, løbende priser (kr.)","I alt (netto)","4.62.81 Aktivitetsbestemt medfinansiering af sundhedsvæsenet","Ishøj",4077
"Pr. indbygger, løbende priser (kr.)","I alt (netto)","4.62.81 Aktivitetsbestemt medfinansiering af sundhedsvæsenet","Lyngby-Taarbæk",4275
"Pr. indbygger, løbende priser (kr.)","I alt (netto)","4.62.81 Aktivitetsbestemt medfinansiering af sundhedsvæsenet","Rødovre",4209
"Pr. indbygger, løbende priser (kr.)","I alt (netto)","4.62.81 Aktivitetsbestemt medfinansiering af sundhedsvæsenet","Vallensbæk",3945
"Pr. indbygger, løbende priser (kr.)","I alt (netto)","4.62.81 Aktivitetsbestemt medfinansiering af sundhedsvæsenet","Allerød",4048
"Pr. indbygger, løbende priser (kr.)","I alt (netto)","4.62.81 Aktivitetsbestemt medfinansiering af sundhedsvæsenet","Egedal",3805
"Pr. indbygger, løbende priser (kr.)","I alt (netto)","4.62.81 Aktivitetsbestemt medfinansiering af sundhedsvæsenet","Fredensborg",4346
"Pr. indbygger, løbende priser (kr.)","I alt (netto)","4.62.81 Aktivitetsbestemt medfinansiering af sundhedsvæsenet","Frederikssund",4680
"Pr. indbygger, løbende priser (kr.)","I alt (netto)","4.62.81 Aktivitetsbestemt medfinansiering af sundhedsvæsenet","Furesø",4225
"Pr. indbygger, løbende priser (kr.)","I alt (netto)","4.62.81 Aktivitetsbestemt medfinansiering af sundhedsvæsenet","Gribskov",4906
"Pr. indbygger, løbende priser (kr.)","I alt (netto)","4.62.81 Aktivitetsbestemt medfinansiering af sundhedsvæsenet","Halsnæs",4935
"Pr. indbygger, løbende priser (kr.)","I alt (netto)","4.62.81 Aktivitetsbestemt medfinansiering af sundhedsvæsenet","Helsingør",4456
"Pr. indbygger, løbende priser (kr.)","I alt (netto)","4.62.81 Aktivitetsbestemt medfinansiering af sundhedsvæsenet","Hillerød",4066
"Pr. indbygger, løbende priser (kr.)","I alt (netto)","4.62.81 Aktivitetsbestemt medfinansiering af sundhedsvæsenet","Hørsholm",4401
"Pr. indbygger, løbende priser (kr.)","I alt (netto)","4.62.81 Aktivitetsbestemt medfinansiering af sundhedsvæsenet","Rudersdal",4567
"Pr. indbygger, løbende priser (kr.)","I alt (netto)","4.62.81 Aktivitetsbestemt medfinansiering af sundhedsvæsenet","Bornholm",5220
"Pr. indbygger, løbende priser (kr.)","I alt (netto)","4.62.81 Aktivitetsbestemt medfinansiering af sundhedsvæsenet","Greve",4196
"Pr. indbygger, løbende priser (kr.)","I alt (netto)","4.62.81 Aktivitetsbestemt medfinansiering af sundhedsvæsenet","Køge",3941
"Pr. indbygger, løbende priser (kr.)","I alt (netto)","4.62.81 Aktivitetsbestemt medfinansiering af sundhedsvæsenet","Lejre",4112
"Pr. indbygger, løbende priser (kr.)","I alt (netto)","4.62.81 Aktivitetsbestemt medfinansiering af sundhedsvæsenet","Roskilde",3821
"Pr. indbygger, løbende priser (kr.)","I alt (netto)","4.62.81 Aktivitetsbestemt medfinansiering af sundhedsvæsenet","Solrød",3647
"Pr. indbygger, løbende priser (kr.)","I alt (netto)","4.62.81 Aktivitetsbestemt medfinansiering af sundhedsvæsenet","Faxe",4028
"Pr. indbygger, løbende priser (kr.)","I alt (netto)","4.62.81 Aktivitetsbestemt medfinansiering af sundhedsvæsenet","Guldborgsund",5035
"Pr. indbygger, løbende priser (kr.)","I alt (netto)","4.62.81 Aktivitetsbestemt medfinansiering af sundhedsvæsenet","Holbæk",3956
"Pr. indbygger, løbende priser (kr.)","I alt (netto)","4.62.81 Aktivitetsbestemt medfinansiering af sundhedsvæsenet","Kalundborg",4440
"Pr. indbygger, løbende priser (kr.)","I alt (netto)","4.62.81 Aktivitetsbestemt medfinansiering af sundhedsvæsenet","Lolland",5580
"Pr. indbygger, løbende priser (kr.)","I alt (netto)","4.62.81 Aktivitetsbestemt medfinansiering af sundhedsvæsenet","Næstved",4429
"Pr. indbygger, løbende priser (kr.)","I alt (netto)","4.62.81 Aktivitetsbestemt medfinansiering af sundhedsvæsenet","Odsherred",5022
"Pr. indbygger, løbende priser (kr.)","I alt (netto)","4.62.81 Aktivitetsbestemt medfinansiering af sundhedsvæsenet","Ringsted",3768
"Pr. indbygger, løbende priser (kr.)","I alt (netto)","4.62.81 Aktivitetsbestemt medfinansiering af sundhedsvæsenet","Slagelse",4334
"Pr. indbygger, løbende priser (kr.)","I alt (netto)","4.62.81 Aktivitetsbestemt medfinansiering af sundhedsvæsenet","Sorø",4303
"Pr. indbygger, løbende priser (kr.)","I alt (netto)","4.62.81 Aktivitetsbestemt medfinansiering af sundhedsvæsenet","Stevns",4036
"Pr. indbygger, løbende priser (kr.)","I alt (netto)","4.62.81 Aktivitetsbestemt medfinansiering af sundhedsvæsenet","Vordingborg",4739
"Pr. indbygger, løbende priser (kr.)","I alt (netto)","4.62.81 Aktivitetsbestemt medfinansiering af sundhedsvæsenet","Assens",4819
"Pr. indbygger, løbende priser (kr.)","I alt (netto)","4.62.81 Aktivitetsbestemt medfinansiering af sundhedsvæsenet","Faaborg-Midtfyn",4364
"Pr. indbygger, løbende priser (kr.)","I alt (netto)","4.62.81 Aktivitetsbestemt medfinansiering af sundhedsvæsenet","Kerteminde",4961
"Pr. indbygger, løbende priser (kr.)","I alt (netto)","4.62.81 Aktivitetsbestemt medfinansiering af sundhedsvæsenet","Langeland",5941
"Pr. indbygger, løbende priser (kr.)","I alt (netto)","4.62.81 Aktivitetsbestemt medfinansiering af sundhedsvæsenet","Middelfart",4412
"Pr. indbygger, løbende priser (kr.)","I alt (netto)","4.62.81 Aktivitetsbestemt medfinansiering af sundhedsvæsenet","Nordfyns",4684
"Pr. indbygger, løbende priser (kr.)","I alt (netto)","4.62.81 Aktivitetsbestemt medfinansiering af sundhedsvæsenet","Nyborg",4752
"Pr. indbygger, løbende priser (kr.)","I alt (netto)","4.62.81 Aktivitetsbestemt medfinansiering af sundhedsvæsenet","Odense",4094
"Pr. indbygger, løbende priser (kr.)","I alt (netto)","4.62.81 Aktivitetsbestemt medfinansiering af sundhedsvæsenet","Svendborg",4098
"Pr. indbygger, løbende priser (kr.)","I alt (netto)","4.62.81 Aktivitetsbestemt medfinansiering af sundhedsvæsenet","Ærø",5118
"Pr. indbygger, løbende priser (kr.)","I alt (netto)","4.62.81 Aktivitetsbestemt medfinansiering af sundhedsvæsenet","Billund",4247
"Pr. indbygger, løbende priser (kr.)","I alt (netto)","4.62.81 Aktivitetsbestemt medfinansiering af sundhedsvæsenet","Esbjerg",4740
"Pr. indbygger, løbende priser (kr.)","I alt (netto)","4.62.81 Aktivitetsbestemt medfinansiering af sundhedsvæsenet","Fanø",5150
"Pr. indbygger, løbende priser (kr.)","I alt (netto)","4.62.81 Aktivitetsbestemt medfinansiering af sundhedsvæsenet","Fredericia",4462
"Pr. indbygger, løbende priser (kr.)","I alt (netto)","4.62.81 Aktivitetsbestemt medfinansiering af sundhedsvæsenet","Haderslev",4533
"Pr. indbygger, løbende priser (kr.)","I alt (netto)","4.62.81 Aktivitetsbestemt medfinansiering af sundhedsvæsenet","Kolding",4005
"Pr. indbygger, løbende priser (kr.)","I alt (netto)","4.62.81 Aktivitetsbestemt medfinansiering af sundhedsvæsenet","Sønderborg",4947
"Pr. indbygger, løbende priser (kr.)","I alt (netto)","4.62.81 Aktivitetsbestemt medfinansiering af sundhedsvæsenet","Tønder",4748
"Pr. indbygger, løbende priser (kr.)","I alt (netto)","4.62.81 Aktivitetsbestemt medfinansiering af sundhedsvæsenet","Varde",4445
"Pr. indbygger, løbende priser (kr.)","I alt (netto)","4.62.81 Aktivitetsbestemt medfinansiering af sundhedsvæsenet","Vejen",4278
"Pr. indbygger, løbende priser (kr.)","I alt (netto)","4.62.81 Aktivitetsbestemt medfinansiering af sundhedsvæsenet","Vejle",3853
"Pr. indbygger, løbende priser (kr.)","I alt (netto)","4.62.81 Aktivitetsbestemt medfinansiering af sundhedsvæsenet","Aabenraa",4725
"Pr. indbygger, løbende priser (kr.)","I alt (netto)","4.62.81 Aktivitetsbestemt medfinansiering af sundhedsvæsenet","Favrskov",3480
"Pr. indbygger, løbende priser (kr.)","I alt (netto)","4.62.81 Aktivitetsbestemt medfinansiering af sundhedsvæsenet","Hedensted",3765
"Pr. indbygger, løbende priser (kr.)","I alt (netto)","4.62.81 Aktivitetsbestemt medfinansiering af sundhedsvæsenet","Horsens",3558
"Pr. indbygger, løbende priser (kr.)","I alt (netto)","4.62.81 Aktivitetsbestemt medfinansiering af sundhedsvæsenet","Norddjurs",4254
"Pr. indbygger, løbende priser (kr.)","I alt (netto)","4.62.81 Aktivitetsbestemt medfinansiering af sundhedsvæsenet","Odder",3697
"Pr. indbygger, løbende priser (kr.)","I alt (netto)","4.62.81 Aktivitetsbestemt medfinansiering af sundhedsvæsenet","Randers",3962
"Pr. indbygger, løbende priser (kr.)","I alt (netto)","4.62.81 Aktivitetsbestemt medfinansiering af sundhedsvæsenet","Samsø",4879
"Pr. indbygger, løbende priser (kr.)","I alt (netto)","4.62.81 Aktivitetsbestemt medfinansiering af sundhedsvæsenet","Silkeborg",3525
"Pr. indbygger, løbende priser (kr.)","I alt (netto)","4.62.81 Aktivitetsbestemt medfinansiering af sundhedsvæsenet","Skanderborg",3168
"Pr. indbygger, løbende priser (kr.)","I alt (netto)","4.62.81 Aktivitetsbestemt medfinansiering af sundhedsvæsenet","Syddjurs",3930
"Pr. indbygger, løbende priser (kr.)","I alt (netto)","4.62.81 Aktivitetsbestemt medfinansiering af sundhedsvæsenet","Aarhus",3319
"Pr. indbygger, løbende priser (kr.)","I alt (netto)","4.62.81 Aktivitetsbestemt medfinansiering af sundhedsvæsenet","Herning",3761
"Pr. indbygger, løbende priser (kr.)","I alt (netto)","4.62.81 Aktivitetsbestemt medfinansiering af sundhedsvæsenet","Holstebro",4055
"Pr. indbygger, løbende priser (kr.)","I alt (netto)","4.62.81 Aktivitetsbestemt medfinansiering af sundhedsvæsenet","Ikast-Brande",3867
"Pr. indbygger, løbende priser (kr.)","I alt (netto)","4.62.81 Aktivitetsbestemt medfinansiering af sundhedsvæsenet","Lemvig",4745
"Pr. indbygger, løbende priser (kr.)","I alt (netto)","4.62.81 Aktivitetsbestemt medfinansiering af sundhedsvæsenet","Ringkøbing-Skjern",3977
"Pr. indbygger, løbende priser (kr.)","I alt (netto)","4.62.81 Aktivitetsbestemt medfinansiering af sundhedsvæsenet","Skive",4576
"Pr. indbygger, løbende priser (kr.)","I alt (netto)","4.62.81 Aktivitetsbestemt medfinansiering af sundhedsvæsenet","Struer",4469
"Pr. indbygger, løbende priser (kr.)","I alt (netto)","4.62.81 Aktivitetsbestemt medfinansiering af sundhedsvæsenet","Viborg",4147
"Pr. indbygger, løbende priser (kr.)","I alt (netto)","4.62.81 Aktivitetsbestemt medfinansiering af sundhedsvæsenet","Brønderslev",3945
"Pr. indbygger, løbende priser (kr.)","I alt (netto)","4.62.81 Aktivitetsbestemt medfinansiering af sundhedsvæsenet","Frederikshavn",4660
"Pr. indbygger, løbende priser (kr.)","I alt (netto)","4.62.81 Aktivitetsbestemt medfinansiering af sundhedsvæsenet","Hjørring",4223
"Pr. indbygger, løbende priser (kr.)","I alt (netto)","4.62.81 Aktivitetsbestemt medfinansiering af sundhedsvæsenet","Jammerbugt",4139
"Pr. indbygger, løbende priser (kr.)","I alt (netto)","4.62.81 Aktivitetsbestemt medfinansiering af sundhedsvæsenet","Læsø",3924
"Pr. indbygger, løbende priser (kr.)","I alt (netto)","4.62.81 Aktivitetsbestemt medfinansiering af sundhedsvæsenet","Mariagerfjord",4105
"Pr. indbygger, løbende priser (kr.)","I alt (netto)","4.62.81 Aktivitetsbestemt medfinansiering af sundhedsvæsenet","Morsø",4264
"Pr. indbygger, løbende priser (kr.)","I alt (netto)","4.62.81 Aktivitetsbestemt medfinansiering af sundhedsvæsenet","Rebild",3434
"Pr. indbygger, løbende priser (kr.)","I alt (netto)","4.62.81 Aktivitetsbestemt medfinansiering af sundhedsvæsenet","Thisted",4367
"Pr. indbygger, løbende priser (kr.)","I alt (netto)","4.62.81 Aktivitetsbestemt medfinansiering af sundhedsvæsenet","Vesthimmerlands",4202
"Pr. indbygger, løbende priser (kr.)","I alt (netto)","4.62.81 Aktivitetsbestemt medfinansiering af sundhedsvæsenet","Aalborg",3366
"Pr. indbygger, løbende priser (kr.)","I alt (netto)","4.62.85 Kommunal tandpleje","Hele landet",434
"Pr. indbygger, løbende priser (kr.)","I alt (netto)","4.62.85 Kommunal tandpleje","København",385
"Pr. indbygger, løbende priser (kr.)","I alt (netto)","4.62.85 Kommunal tandpleje","Frederiksberg",424
"Pr. indbygger, løbende priser (kr.)","I alt (netto)","4.62.85 Kommunal tandpleje","Dragør",364
"Pr. indbygger, løbende priser (kr.)","I alt (netto)","4.62.85 Kommunal tandpleje","Tårnby",514
"Pr. indbygger, løbende priser (kr.)","I alt (netto)","4.62.85 Kommunal tandpleje","Albertslund",521
"Pr. indbygger, løbende priser (kr.)","I alt (netto)","4.62.85 Kommunal tandpleje","Ballerup",500
"Pr. indbygger, løbende priser (kr.)","I alt (netto)","4.62.85 Kommunal tandpleje","Brøndby",489
"Pr. indbygger, løbende priser (kr.)","I alt (netto)","4.62.85 Kommunal tandpleje","Gentofte",462
"Pr. indbygger, løbende priser (kr.)","I alt (netto)","4.62.85 Kommunal tandpleje","Gladsaxe",435
"Pr. indbygger, løbende priser (kr.)","I alt (netto)","4.62.85 Kommunal tandpleje","Glostrup",394
"Pr. indbygger, løbende priser (kr.)","I alt (netto)","4.62.85 Kommunal tandpleje","Herlev",514
"Pr. indbygger, løbende priser (kr.)","I alt (netto)","4.62.85 Kommunal tandpleje","Hvidovre",544
"Pr. indbygger, løbende priser (kr.)","I alt (netto)","4.62.85 Kommunal tandpleje","Høje-Taastrup",404
"Pr. indbygger, løbende priser (kr.)","I alt (netto)","4.62.85 Kommunal tandpleje","Ishøj",579
"Pr. indbygger, løbende priser (kr.)","I alt (netto)","4.62.85 Kommunal tandpleje","Lyngby-Taarbæk",393
"Pr. indbygger, løbende priser (kr.)","I alt (netto)","4.62.85 Kommunal tandpleje","Rødovre",520
"Pr. indbygger, løbende priser (kr.)","I alt (netto)","4.62.85 Kommunal tandpleje","Vallensbæk",421
"Pr. indbygger, løbende priser (kr.)","I alt (netto)","4.62.85 Kommunal tandpleje","Allerød",485
"Pr. indbygger, løbende priser (kr.)","I alt (netto)","4.62.85 Kommunal tandpleje","Egedal",452
"Pr. indbygger, løbende priser (kr.)","I alt (netto)","4.62.85 Kommunal tandpleje","Fredensborg",442
"Pr. indbygger, løbende priser (kr.)","I alt (netto)","4.62.85 Kommunal tandpleje","Frederikssund",495
"Pr. indbygger, løbende priser (kr.)","I alt (netto)","4.62.85 Kommunal tandpleje","Furesø",483
"Pr. indbygger, løbende priser (kr.)","I alt (netto)","4.62.85 Kommunal tandpleje","Gribskov",486
"Pr. indbygger, løbende priser (kr.)","I alt (netto)","4.62.85 Kommunal tandpleje","Halsnæs",429
"Pr. indbygger, løbende priser (kr.)","I alt (netto)","4.62.85 Kommunal tandpleje","Helsingør",408
"Pr. indbygger, løbende priser (kr.)","I alt (netto)","4.62.85 Kommunal tandpleje","Hillerød",464
"Pr. indbygger, løbende priser (kr.)","I alt (netto)","4.62.85 Kommunal tandpleje","Hørsholm",406
"Pr. indbygger, løbende priser (kr.)","I alt (netto)","4.62.85 Kommunal tandpleje","Rudersdal",457
"Pr. indbygger, løbende priser (kr.)","I alt (netto)","4.62.85 Kommunal tandpleje","Bornholm",400
"Pr. indbygger, løbende priser (kr.)","I alt (netto)","4.62.85 Kommunal tandpleje","Greve",456
"Pr. indbygger, løbende priser (kr.)","I alt (netto)","4.62.85 Kommunal tandpleje","Køge",375
"Pr. indbygger, løbende priser (kr.)","I alt (netto)","4.62.85 Kommunal tandpleje","Lejre",452
"Pr. indbygger, løbende priser (kr.)","I alt (netto)","4.62.85 Kommunal tandpleje","Roskilde",410
"Pr. indbygger, løbende priser (kr.)","I alt (netto)","4.62.85 Kommunal tandpleje","Solrød",564
"Pr. indbygger, løbende priser (kr.)","I alt (netto)","4.62.85 Kommunal tandpleje","Faxe",460
"Pr. indbygger, løbende priser (kr.)","I alt (netto)","4.62.85 Kommunal tandpleje","Guldborgsund",398
"Pr. indbygger, løbende priser (kr.)","I alt (netto)","4.62.85 Kommunal tandpleje","Holbæk",409
"Pr. indbygger, løbende priser (kr.)","I alt (netto)","4.62.85 Kommunal tandpleje","Kalundborg",423
"Pr. indbygger, løbende priser (kr.)","I alt (netto)","4.62.85 Kommunal tandpleje","Lolland",423
"Pr. indbygger, løbende priser (kr.)","I alt (netto)","4.62.85 Kommunal tandpleje","Næstved",450
"Pr. indbygger, løbende priser (kr.)","I alt (netto)","4.62.85 Kommunal tandpleje","Odsherred",440
"Pr. indbygger, løbende priser (kr.)","I alt (netto)","4.62.85 Kommunal tandpleje","Ringsted",425
"Pr. indbygger, løbende priser (kr.)","I alt (netto)","4.62.85 Kommunal tandpleje","Slagelse",390
"Pr. indbygger, løbende priser (kr.)","I alt (netto)","4.62.85 Kommunal tandpleje","Sorø",437
"Pr. indbygger, løbende priser (kr.)","I alt (netto)","4.62.85 Kommunal tandpleje","Stevns",498
"Pr. indbygger, løbende priser (kr.)","I alt (netto)","4.62.85 Kommunal tandpleje","Vordingborg",403
"Pr. indbygger, løbende priser (kr.)","I alt (netto)","4.62.85 Kommunal tandpleje","Assens",502
"Pr. indbygger, løbende priser (kr.)","I alt (netto)","4.62.85 Kommunal tandpleje","Faaborg-Midtfyn",495
"Pr. indbygger, løbende priser (kr.)","I alt (netto)","4.62.85 Kommunal tandpleje","Kerteminde",456
"Pr. indbygger, løbende priser (kr.)","I alt (netto)","4.62.85 Kommunal tandpleje","Langeland",326
"Pr. indbygger, løbende priser (kr.)","I alt (netto)","4.62.85 Kommunal tandpleje","Middelfart",438
"Pr. indbygger, løbende priser (kr.)","I alt (netto)","4.62.85 Kommunal tandpleje","Nordfyns",446
"Pr. indbygger, løbende priser (kr.)","I alt (netto)","4.62.85 Kommunal tandpleje","Nyborg",467
"Pr. indbygger, løbende priser (kr.)","I alt (netto)","4.62.85 Kommunal tandpleje","Odense",464
"Pr. indbygger, løbende priser (kr.)","I alt (netto)","4.62.85 Kommunal tandpleje","Svendborg",469
"Pr. indbygger, løbende priser (kr.)","I alt (netto)","4.62.85 Kommunal tandpleje","Ærø",356
"Pr. indbygger, løbende priser (kr.)","I alt (netto)","4.62.85 Kommunal tandpleje","Billund",556
"Pr. indbygger, løbende priser (kr.)","I alt (netto)","4.62.85 Kommunal tandpleje","Esbjerg",480
"Pr. indbygger, løbende priser (kr.)","I alt (netto)","4.62.85 Kommunal tandpleje","Fanø",390
"Pr. indbygger, løbende priser (kr.)","I alt (netto)","4.62.85 Kommunal tandpleje","Fredericia",418
"Pr. indbygger, løbende priser (kr.)","I alt (netto)","4.62.85 Kommunal tandpleje","Haderslev",487
"Pr. indbygger, løbende priser (kr.)","I alt (netto)","4.62.85 Kommunal tandpleje","Kolding",406
"Pr. indbygger, løbende priser (kr.)","I alt (netto)","4.62.85 Kommunal tandpleje","Sønderborg",455
"Pr. indbygger, løbende priser (kr.)","I alt (netto)","4.62.85 Kommunal tandpleje","Tønder",495
"Pr. indbygger, løbende priser (kr.)","I alt (netto)","4.62.85 Kommunal tandpleje","Varde",571
"Pr. indbygger, løbende priser (kr.)","I alt (netto)","4.62.85 Kommunal tandpleje","Vejen",538
"Pr. indbygger, løbende priser (kr.)","I alt (netto)","4.62.85 Kommunal tandpleje","Vejle",390
"Pr. indbygger, løbende priser (kr.)","I alt (netto)","4.62.85 Kommunal tandpleje","Aabenraa",401
"Pr. indbygger, løbende priser (kr.)","I alt (netto)","4.62.85 Kommunal tandpleje","Favrskov",569
"Pr. indbygger, løbende priser (kr.)","I alt (netto)","4.62.85 Kommunal tandpleje","Hedensted",454
"Pr. indbygger, løbende priser (kr.)","I alt (netto)","4.62.85 Kommunal tandpleje","Horsens",428
"Pr. indbygger, løbende priser (kr.)","I alt (netto)","4.62.85 Kommunal tandpleje","Norddjurs",488
"Pr. indbygger, løbende priser (kr.)","I alt (netto)","4.62.85 Kommunal tandpleje","Odder",468
"Pr. indbygger, løbende priser (kr.)","I alt (netto)","4.62.85 Kommunal tandpleje","Randers",384
"Pr. indbygger, løbende priser (kr.)","I alt (netto)","4.62.85 Kommunal tandpleje","Samsø",477
"Pr. indbygger, løbende priser (kr.)","I alt (netto)","4.62.85 Kommunal tandpleje","Silkeborg",442
"Pr. indbygger, løbende priser (kr.)","I alt (netto)","4.62.85 Kommunal tandpleje","Skanderborg",534
"Pr. indbygger, løbende priser (kr.)","I alt (netto)","4.62.85 Kommunal tandpleje","Syddjurs",447
"Pr. indbygger, løbende priser (kr.)","I alt (netto)","4.62.85 Kommunal tandpleje","Aarhus",359
"Pr. indbygger, løbende priser (kr.)","I alt (netto)","4.62.85 Kommunal tandpleje","Herning",452
"Pr. indbygger, løbende priser (kr.)","I alt (netto)","4.62.85 Kommunal tandpleje","Holstebro",436
"Pr. indbygger, løbende priser (kr.)","I alt (netto)","4.62.85 Kommunal tandpleje","Ikast-Brande",498
"Pr. indbygger, løbende priser (kr.)","I alt (netto)","4.62.85 Kommunal tandpleje","Lemvig",277
"Pr. indbygger, løbende priser (kr.)","I alt (netto)","4.62.85 Kommunal tandpleje","Ringkøbing-Skjern",535
"Pr. indbygger, løbende priser (kr.)","I alt (netto)","4.62.85 Kommunal tandpleje","Skive",462
"Pr. indbygger, løbende priser (kr.)","I alt (netto)","4.62.85 Kommunal tandpleje","Struer",446
"Pr. indbygger, løbende priser (kr.)","I alt (netto)","4.62.85 Kommunal tandpleje","Viborg",405
"Pr. indbygger, løbende priser (kr.)","I alt (netto)","4.62.85 Kommunal tandpleje","Brønderslev",372
"Pr. indbygger, løbende priser (kr.)","I alt (netto)","4.62.85 Kommunal tandpleje","Frederikshavn",398
"Pr. indbygger, løbende priser (kr.)","I alt (netto)","4.62.85 Kommunal tandpleje","Hjørring",419
"Pr. indbygger, løbende priser (kr.)","I alt (netto)","4.62.85 Kommunal tandpleje","Jammerbugt",447
"Pr. indbygger, løbende priser (kr.)","I alt (netto)","4.62.85 Kommunal tandpleje","Læsø",381
"Pr. indbygger, løbende priser (kr.)","I alt (netto)","4.62.85 Kommunal tandpleje","Mariagerfjord",490
"Pr. indbygger, løbende priser (kr.)","I alt (netto)","4.62.85 Kommunal tandpleje","Morsø",390
"Pr. indbygger, løbende priser (kr.)","I alt (netto)","4.62.85 Kommunal tandpleje","Rebild",500
"Pr. indbygger, løbende priser (kr.)","I alt (netto)","4.62.85 Kommunal tandpleje","Thisted",449
"Pr. indbygger, løbende priser (kr.)","I alt (netto)","4.62.85 Kommunal tandpleje","Vesthimmerlands",457
"Pr. indbygger, løbende priser (kr.)","I alt (netto)","4.62.85 Kommunal tandpleje","Aalborg",385
"Pr. indbygger, løbende priser (kr.)","I alt (netto)","5.25.14 Daginstitutioner","Hele landet",3499
"Pr. indbygger, løbende priser (kr.)","I alt (netto)","5.25.14 Daginstitutioner","København",4966
"Pr. indbygger, løbende priser (kr.)","I alt (netto)","5.25.14 Daginstitutioner","Frederiksberg",4483
"Pr. indbygger, løbende priser (kr.)","I alt (netto)","5.25.14 Daginstitutioner","Dragør",3272
"Pr. indbygger, løbende priser (kr.)","I alt (netto)","5.25.14 Daginstitutioner","Tårnby",4043
"Pr. indbygger, løbende priser (kr.)","I alt (netto)","5.25.14 Daginstitutioner","Albertslund",4280
"Pr. indbygger, løbende priser (kr.)","I alt (netto)","5.25.14 Daginstitutioner","Ballerup",5394
"Pr. indbygger, løbende priser (kr.)","I alt (netto)","5.25.14 Daginstitutioner","Brøndby",5330
"Pr. indbygger, løbende priser (kr.)","I alt (netto)","5.25.14 Daginstitutioner","Gentofte",4548
"Pr. indbygger, løbende priser (kr.)","I alt (netto)","5.25.14 Daginstitutioner","Gladsaxe",5022
"Pr. indbygger, løbende priser (kr.)","I alt (netto)","5.25.14 Daginstitutioner","Glostrup",4380
"Pr. indbygger, løbende priser (kr.)","I alt (netto)","5.25.14 Daginstitutioner","Herlev",4644
"Pr. indbygger, løbende priser (kr.)","I alt (netto)","5.25.14 Daginstitutioner","Hvidovre",4867
"Pr. indbygger, løbende priser (kr.)","I alt (netto)","5.25.14 Daginstitutioner","Høje-Taastrup",4854
"Pr. indbygger, løbende priser (kr.)","I alt (netto)","5.25.14 Daginstitutioner","Ishøj",4513
"Pr. indbygger, løbende priser (kr.)","I alt (netto)","5.25.14 Daginstitutioner","Lyngby-Taarbæk",4108
"Pr. indbygger, løbende priser (kr.)","I alt (netto)","5.25.14 Daginstitutioner","Rødovre",4601
"Pr. indbygger, løbende priser (kr.)","I alt (netto)","5.25.14 Daginstitutioner","Vallensbæk",5333
"Pr. indbygger, løbende priser (kr.)","I alt (netto)","5.25.14 Daginstitutioner","Allerød",4592
"Pr. indbygger, løbende priser (kr.)","I alt (netto)","5.25.14 Daginstitutioner","Egedal",4341
"Pr. indbygger, løbende priser (kr.)","I alt (netto)","5.25.14 Daginstitutioner","Fredensborg",4982
"Pr. indbygger, løbende priser (kr.)","I alt (netto)","5.25.14 Daginstitutioner","Frederikssund",2773
"Pr. indbygger, løbende priser (kr.)","I alt (netto)","5.25.14 Daginstitutioner","Furesø",4521
"Pr. indbygger, løbende priser (kr.)","I alt (netto)","5.25.14 Daginstitutioner","Gribskov",2150
"Pr. indbygger, løbende priser (kr.)","I alt (netto)","5.25.14 Daginstitutioner","Halsnæs",3710
"Pr. indbygger, løbende priser (kr.)","I alt (netto)","5.25.14 Daginstitutioner","Helsingør",3319
"Pr. indbygger, løbende priser (kr.)","I alt (netto)","5.25.14 Daginstitutioner","Hillerød",4510
"Pr. indbygger, løbende priser (kr.)","I alt (netto)","5.25.14 Daginstitutioner","Hørsholm",3034
"Pr. indbygger, løbende priser (kr.)","I alt (netto)","5.25.14 Daginstitutioner","Rudersdal",4642
"Pr. indbygger, løbende priser (kr.)","I alt (netto)","5.25.14 Daginstitutioner","Bornholm",2078
"Pr. indbygger, løbende priser (kr.)","I alt (netto)","5.25.14 Daginstitutioner","Greve",3623
"Pr. indbygger, løbende priser (kr.)","I alt (netto)","5.25.14 Daginstitutioner","Køge",4371
"Pr. indbygger, løbende priser (kr.)","I alt (netto)","5.25.14 Daginstitutioner","Lejre",3318
"Pr. indbygger, løbende priser (kr.)","I alt (netto)","5.25.14 Daginstitutioner","Roskilde",3735
"Pr. indbygger, løbende priser (kr.)","I alt (netto)","5.25.14 Daginstitutioner","Solrød",4128
"Pr. indbygger, løbende priser (kr.)","I alt (netto)","5.25.14 Daginstitutioner","Faxe",2570
"Pr. indbygger, løbende priser (kr.)","I alt (netto)","5.25.14 Daginstitutioner","Guldborgsund",2661
"Pr. indbygger, løbende priser (kr.)","I alt (netto)","5.25.14 Daginstitutioner","Holbæk",2911
"Pr. indbygger, løbende priser (kr.)","I alt (netto)","5.25.14 Daginstitutioner","Kalundborg",2394
"Pr. indbygger, løbende priser (kr.)","I alt (netto)","5.25.14 Daginstitutioner","Lolland",1656
"Pr. indbygger, løbende priser (kr.)","I alt (netto)","5.25.14 Daginstitutioner","Næstved",2478
"Pr. indbygger, løbende priser (kr.)","I alt (netto)","5.25.14 Daginstitutioner","Odsherred",1908
"Pr. indbygger, løbende priser (kr.)","I alt (netto)","5.25.14 Daginstitutioner","Ringsted",3659
"Pr. indbygger, løbende priser (kr.)","I alt (netto)","5.25.14 Daginstitutioner","Slagelse",3316
"Pr. indbygger, løbende priser (kr.)","I alt (netto)","5.25.14 Daginstitutioner","Sorø",2511
"Pr. indbygger, løbende priser (kr.)","I alt (netto)","5.25.14 Daginstitutioner","Stevns",2459
"Pr. indbygger, løbende priser (kr.)","I alt (netto)","5.25.14 Daginstitutioner","Vordingborg",2326
"Pr. indbygger, løbende priser (kr.)","I alt (netto)","5.25.14 Daginstitutioner","Assens",2144
"Pr. indbygger, løbende priser (kr.)","I alt (netto)","5.25.14 Daginstitutioner","Faaborg-Midtfyn",1796
"Pr. indbygger, løbende priser (kr.)","I alt (netto)","5.25.14 Daginstitutioner","Kerteminde",2663
"Pr. indbygger, løbende priser (kr.)","I alt (netto)","5.25.14 Daginstitutioner","Langeland",1548
"Pr. indbygger, løbende priser (kr.)","I alt (netto)","5.25.14 Daginstitutioner","Middelfart",2845
"Pr. indbygger, løbende priser (kr.)","I alt (netto)","5.25.14 Daginstitutioner","Nordfyns",1914
"Pr. indbygger, løbende priser (kr.)","I alt (netto)","5.25.14 Daginstitutioner","Nyborg",2593
"Pr. indbygger, løbende priser (kr.)","I alt (netto)","5.25.14 Daginstitutioner","Odense",2848
"Pr. indbygger, løbende priser (kr.)","I alt (netto)","5.25.14 Daginstitutioner","Svendborg",2830
"Pr. indbygger, løbende priser (kr.)","I alt (netto)","5.25.14 Daginstitutioner","Ærø",1851
"Pr. indbygger, løbende priser (kr.)","I alt (netto)","5.25.14 Daginstitutioner","Billund",2054
"Pr. indbygger, løbende priser (kr.)","I alt (netto)","5.25.14 Daginstitutioner","Esbjerg",2923
"Pr. indbygger, løbende priser (kr.)","I alt (netto)","5.25.14 Daginstitutioner","Fanø",3390
"Pr. indbygger, løbende priser (kr.)","I alt (netto)","5.25.14 Daginstitutioner","Fredericia",2912
"Pr. indbygger, løbende priser (kr.)","I alt (netto)","5.25.14 Daginstitutioner","Haderslev",2571
"Pr. indbygger, løbende priser (kr.)","I alt (netto)","5.25.14 Daginstitutioner","Kolding",2773
"Pr. indbygger, løbende priser (kr.)","I alt (netto)","5.25.14 Daginstitutioner","Sønderborg",2856
"Pr. indbygger, løbende priser (kr.)","I alt (netto)","5.25.14 Daginstitutioner","Tønder",3484
"Pr. indbygger, løbende priser (kr.)","I alt (netto)","5.25.14 Daginstitutioner","Varde",2475
"Pr. indbygger, løbende priser (kr.)","I alt (netto)","5.25.14 Daginstitutioner","Vejen",2154
"Pr. indbygger, løbende priser (kr.)","I alt (netto)","5.25.14 Daginstitutioner","Vejle",3892
"Pr. indbygger, løbende priser (kr.)","I alt (netto)","5.25.14 Daginstitutioner","Aabenraa",2614
"Pr. indbygger, løbende priser (kr.)","I alt (netto)","5.25.14 Daginstitutioner","Favrskov",3791
"Pr. indbygger, løbende priser (kr.)","I alt (netto)","5.25.14 Daginstitutioner","Hedensted",2488
"Pr. indbygger, løbende priser (kr.)","I alt (netto)","5.25.14 Daginstitutioner","Horsens",3784
"Pr. indbygger, løbende priser (kr.)","I alt (netto)","5.25.14 Daginstitutioner","Norddjurs",2026
"Pr. indbygger, løbende priser (kr.)","I alt (netto)","5.25.14 Daginstitutioner","Odder",3023
"Pr. indbygger, løbende priser (kr.)","I alt (netto)","5.25.14 Daginstitutioner","Randers",3365
"Pr. indbygger, løbende priser (kr.)","I alt (netto)","5.25.14 Daginstitutioner","Samsø",-1
"Pr. indbygger, løbende priser (kr.)","I alt (netto)","5.25.14 Daginstitutioner","Silkeborg",3714
"Pr. indbygger, løbende priser (kr.)","I alt (netto)","5.25.14 Daginstitutioner","Skanderborg",4800
"Pr. indbygger, løbende priser (kr.)","I alt (netto)","5.25.14 Daginstitutioner","Syddjurs",2680
"Pr. indbygger, løbende priser (kr.)","I alt (netto)","5.25.14 Daginstitutioner","Aarhus",4557
"Pr. indbygger, løbende priser (kr.)","I alt (netto)","5.25.14 Daginstitutioner","Herning",3026
"Pr. indbygger, løbende priser (kr.)","I alt (netto)","5.25.14 Daginstitutioner","Holstebro",3298
"Pr. indbygger, løbende priser (kr.)","I alt (netto)","5.25.14 Daginstitutioner","Ikast-Brande",2957
"Pr. indbygger, løbende priser (kr.)","I alt (netto)","5.25.14 Daginstitutioner","Lemvig",2287
"Pr. indbygger, løbende priser (kr.)","I alt (netto)","5.25.14 Daginstitutioner","Ringkøbing-Skjern",2411
"Pr. indbygger, løbende priser (kr.)","I alt (netto)","5.25.14 Daginstitutioner","Skive",2041
"Pr. indbygger, løbende priser (kr.)","I alt (netto)","5.25.14 Daginstitutioner","Struer",2672
"Pr. indbygger, løbende priser (kr.)","I alt (netto)","5.25.14 Daginstitutioner","Viborg",2432
"Pr. indbygger, løbende priser (kr.)","I alt (netto)","5.25.14 Daginstitutioner","Brønderslev",2023
"Pr. indbygger, løbende priser (kr.)","I alt (netto)","5.25.14 Daginstitutioner","Frederikshavn",2566
"Pr. indbygger, løbende priser (kr.)","I alt (netto)","5.25.14 Daginstitutioner","Hjørring",2008
"Pr. indbygger, løbende priser (kr.)","I alt (netto)","5.25.14 Daginstitutioner","Jammerbugt",2057
"Pr. indbygger, løbende priser (kr.)","I alt (netto)","5.25.14 Daginstitutioner","Læsø",2411
"Pr. indbygger, løbende priser (kr.)","I alt (netto)","5.25.14 Daginstitutioner","Mariagerfjord",2246
"Pr. indbygger, løbende priser (kr.)","I alt (netto)","5.25.14 Daginstitutioner","Morsø",1892
"Pr. indbygger, løbende priser (kr.)","I alt (netto)","5.25.14 Daginstitutioner","Rebild",3230
"Pr. indbygger, løbende priser (kr.)","I alt (netto)","5.25.14 Daginstitutioner","Thisted",1872
"Pr. indbygger, løbende priser (kr.)","I alt (netto)","5.25.14 Daginstitutioner","Vesthimmerlands",2615
"Pr. indbygger, løbende priser (kr.)","I alt (netto)","5.25.14 Daginstitutioner","Aalborg",2747
"Pr. indbygger, løbende priser (kr.)","I alt (netto)","5.28.21 Rådgivning samt forebyggende indsatser eller foranstaltninger og støttende indsatser for børn og unge","Hele landet",1253
"Pr. indbygger, løbende priser (kr.)","I alt (netto)","5.28.21 Rådgivning samt forebyggende indsatser eller foranstaltninger og støttende indsatser for børn og unge","København",1226
"Pr. indbygger, løbende priser (kr.)","I alt (netto)","5.28.21 Rådgivning samt forebyggende indsatser eller foranstaltninger og støttende indsatser for børn og unge","Frederiksberg",830
"Pr. indbygger, løbende priser (kr.)","I alt (netto)","5.28.21 Rådgivning samt forebyggende indsatser eller foranstaltninger og støttende indsatser for børn og unge","Dragør",1100
"Pr. indbygger, løbende priser (kr.)","I alt (netto)","5.28.21 Rådgivning samt forebyggende indsatser eller foranstaltninger og støttende indsatser for børn og unge","Tårnby",1629
"Pr. indbygger, løbende priser (kr.)","I alt (netto)","5.28.21 Rådgivning samt forebyggende indsatser eller foranstaltninger og støttende indsatser for børn og unge","Albertslund",1499
"Pr. indbygger, løbende priser (kr.)","I alt (netto)","5.28.21 Rådgivning samt forebyggende indsatser eller foranstaltninger og støttende indsatser for børn og unge","Ballerup",2067
"Pr. indbygger, løbende priser (kr.)","I alt (netto)","5.28.21 Rådgivning samt forebyggende indsatser eller foranstaltninger og støttende indsatser for børn og unge","Brøndby",1402
"Pr. indbygger, løbende priser (kr.)","I alt (netto)","5.28.21 Rådgivning samt forebyggende indsatser eller foranstaltninger og støttende indsatser for børn og unge","Gentofte",1276
"Pr. indbygger, løbende priser (kr.)","I alt (netto)","5.28.21 Rådgivning samt forebyggende indsatser eller foranstaltninger og støttende indsatser for børn og unge","Gladsaxe",1884
"Pr. indbygger, løbende priser (kr.)","I alt (netto)","5.28.21 Rådgivning samt forebyggende indsatser eller foranstaltninger og støttende indsatser for børn og unge","Glostrup",1134
"Pr. indbygger, løbende priser (kr.)","I alt (netto)","5.28.21 Rådgivning samt forebyggende indsatser eller foranstaltninger og støttende indsatser for børn og unge","Herlev",1656
"Pr. indbygger, løbende priser (kr.)","I alt (netto)","5.28.21 Rådgivning samt forebyggende indsatser eller foranstaltninger og støttende indsatser for børn og unge","Hvidovre",1625
"Pr. indbygger, løbende priser (kr.)","I alt (netto)","5.28.21 Rådgivning samt forebyggende indsatser eller foranstaltninger og støttende indsatser for børn og unge","Høje-Taastrup",2134
"Pr. indbygger, løbende priser (kr.)","I alt (netto)","5.28.21 Rådgivning samt forebyggende indsatser eller foranstaltninger og støttende indsatser for børn og unge","Ishøj",1732
"Pr. indbygger, løbende priser (kr.)","I alt (netto)","5.28.21 Rådgivning samt forebyggende indsatser eller foranstaltninger og støttende indsatser for børn og unge","Lyngby-Taarbæk",1395
"Pr. indbygger, løbende priser (kr.)","I alt (netto)","5.28.21 Rådgivning samt forebyggende indsatser eller foranstaltninger og støttende indsatser for børn og unge","Rødovre",1766
"Pr. indbygger, løbende priser (kr.)","I alt (netto)","5.28.21 Rådgivning samt forebyggende indsatser eller foranstaltninger og støttende indsatser for børn og unge","Vallensbæk",1551
"Pr. indbygger, løbende priser (kr.)","I alt (netto)","5.28.21 Rådgivning samt forebyggende indsatser eller foranstaltninger og støttende indsatser for børn og unge","Allerød",1148
"Pr. indbygger, løbende priser (kr.)","I alt (netto)","5.28.21 Rådgivning samt forebyggende indsatser eller foranstaltninger og støttende indsatser for børn og unge","Egedal",1204
"Pr. indbygger, løbende priser (kr.)","I alt (netto)","5.28.21 Rådgivning samt forebyggende indsatser eller foranstaltninger og støttende indsatser for børn og unge","Fredensborg",2317
"Pr. indbygger, løbende priser (kr.)","I alt (netto)","5.28.21 Rådgivning samt forebyggende indsatser eller foranstaltninger og støttende indsatser for børn og unge","Frederikssund",1562
"Pr. indbygger, løbende priser (kr.)","I alt (netto)","5.28.21 Rådgivning samt forebyggende indsatser eller foranstaltninger og støttende indsatser for børn og unge","Furesø",1059
"Pr. indbygger, løbende priser (kr.)","I alt (netto)","5.28.21 Rådgivning samt forebyggende indsatser eller foranstaltninger og støttende indsatser for børn og unge","Gribskov",1512
"Pr. indbygger, løbende priser (kr.)","I alt (netto)","5.28.21 Rådgivning samt forebyggende indsatser eller foranstaltninger og støttende indsatser for børn og unge","Halsnæs",2448
"Pr. indbygger, løbende priser (kr.)","I alt (netto)","5.28.21 Rådgivning samt forebyggende indsatser eller foranstaltninger og støttende indsatser for børn og unge","Helsingør",1715
"Pr. indbygger, løbende priser (kr.)","I alt (netto)","5.28.21 Rådgivning samt forebyggende indsatser eller foranstaltninger og støttende indsatser for børn og unge","Hillerød",1642
"Pr. indbygger, løbende priser (kr.)","I alt (netto)","5.28.21 Rådgivning samt forebyggende indsatser eller foranstaltninger og støttende indsatser for børn og unge","Hørsholm",937
"Pr. indbygger, løbende priser (kr.)","I alt (netto)","5.28.21 Rådgivning samt forebyggende indsatser eller foranstaltninger og støttende indsatser for børn og unge","Rudersdal",1432
"Pr. indbygger, løbende priser (kr.)","I alt (netto)","5.28.21 Rådgivning samt forebyggende indsatser eller foranstaltninger og støttende indsatser for børn og unge","Bornholm",1839
"Pr. indbygger, løbende priser (kr.)","I alt (netto)","5.28.21 Rådgivning samt forebyggende indsatser eller foranstaltninger og støttende indsatser for børn og unge","Greve",1248
"Pr. indbygger, løbende priser (kr.)","I alt (netto)","5.28.21 Rådgivning samt forebyggende indsatser eller foranstaltninger og støttende indsatser for børn og unge","Køge",1696
"Pr. indbygger, løbende priser (kr.)","I alt (netto)","5.28.21 Rådgivning samt forebyggende indsatser eller foranstaltninger og støttende indsatser for børn og unge","Lejre",1422
"Pr. indbygger, løbende priser (kr.)","I alt (netto)","5.28.21 Rådgivning samt forebyggende indsatser eller foranstaltninger og støttende indsatser for børn og unge","Roskilde",1300
"Pr. indbygger, løbende priser (kr.)","I alt (netto)","5.28.21 Rådgivning samt forebyggende indsatser eller foranstaltninger og støttende indsatser for børn og unge","Solrød",1135
"Pr. indbygger, løbende priser (kr.)","I alt (netto)","5.28.21 Rådgivning samt forebyggende indsatser eller foranstaltninger og støttende indsatser for børn og unge","Faxe",1725
"Pr. indbygger, løbende priser (kr.)","I alt (netto)","5.28.21 Rådgivning samt forebyggende indsatser eller foranstaltninger og støttende indsatser for børn og unge","Guldborgsund",2255
"Pr. indbygger, løbende priser (kr.)","I alt (netto)","5.28.21 Rådgivning samt forebyggende indsatser eller foranstaltninger og støttende indsatser for børn og unge","Holbæk",1217
"Pr. indbygger, løbende priser (kr.)","I alt (netto)","5.28.21 Rådgivning samt forebyggende indsatser eller foranstaltninger og støttende indsatser for børn og unge","Kalundborg",1201
"Pr. indbygger, løbende priser (kr.)","I alt (netto)","5.28.21 Rådgivning samt forebyggende indsatser eller foranstaltninger og støttende indsatser for børn og unge","Lolland",1707
"Pr. indbygger, løbende priser (kr.)","I alt (netto)","5.28.21 Rådgivning samt forebyggende indsatser eller foranstaltninger og støttende indsatser for børn og unge","Næstved",1028
"Pr. indbygger, løbende priser (kr.)","I alt (netto)","5.28.21 Rådgivning samt forebyggende indsatser eller foranstaltninger og støttende indsatser for børn og unge","Odsherred",1290
"Pr. indbygger, løbende priser (kr.)","I alt (netto)","5.28.21 Rådgivning samt forebyggende indsatser eller foranstaltninger og støttende indsatser for børn og unge","Ringsted",1665
"Pr. indbygger, løbende priser (kr.)","I alt (netto)","5.28.21 Rådgivning samt forebyggende indsatser eller foranstaltninger og støttende indsatser for børn og unge","Slagelse",1708
"Pr. indbygger, løbende priser (kr.)","I alt (netto)","5.28.21 Rådgivning samt forebyggende indsatser eller foranstaltninger og støttende indsatser for børn og unge","Sorø",1107
"Pr. indbygger, løbende priser (kr.)","I alt (netto)","5.28.21 Rådgivning samt forebyggende indsatser eller foranstaltninger og støttende indsatser for børn og unge","Stevns",1509
"Pr. indbygger, løbende priser (kr.)","I alt (netto)","5.28.21 Rådgivning samt forebyggende indsatser eller foranstaltninger og støttende indsatser for børn og unge","Vordingborg",1645
"Pr. indbygger, løbende priser (kr.)","I alt (netto)","5.28.21 Rådgivning samt forebyggende indsatser eller foranstaltninger og støttende indsatser for børn og unge","Assens",1014
"Pr. indbygger, løbende priser (kr.)","I alt (netto)","5.28.21 Rådgivning samt forebyggende indsatser eller foranstaltninger og støttende indsatser for børn og unge","Faaborg-Midtfyn",1261
"Pr. indbygger, løbende priser (kr.)","I alt (netto)","5.28.21 Rådgivning samt forebyggende indsatser eller foranstaltninger og støttende indsatser for børn og unge","Kerteminde",1129
"Pr. indbygger, løbende priser (kr.)","I alt (netto)","5.28.21 Rådgivning samt forebyggende indsatser eller foranstaltninger og støttende indsatser for børn og unge","Langeland",903
"Pr. indbygger, løbende priser (kr.)","I alt (netto)","5.28.21 Rådgivning samt forebyggende indsatser eller foranstaltninger og støttende indsatser for børn og unge","Middelfart",1124
"Pr. indbygger, løbende priser (kr.)","I alt (netto)","5.28.21 Rådgivning samt forebyggende indsatser eller foranstaltninger og støttende indsatser for børn og unge","Nordfyns",1008
"Pr. indbygger, løbende priser (kr.)","I alt (netto)","5.28.21 Rådgivning samt forebyggende indsatser eller foranstaltninger og støttende indsatser for børn og unge","Nyborg",770
"Pr. indbygger, løbende priser (kr.)","I alt (netto)","5.28.21 Rådgivning samt forebyggende indsatser eller foranstaltninger og støttende indsatser for børn og unge","Odense",1167
"Pr. indbygger, løbende priser (kr.)","I alt (netto)","5.28.21 Rådgivning samt forebyggende indsatser eller foranstaltninger og støttende indsatser for børn og unge","Svendborg",1243
"Pr. indbygger, løbende priser (kr.)","I alt (netto)","5.28.21 Rådgivning samt forebyggende indsatser eller foranstaltninger og støttende indsatser for børn og unge","Ærø",673
"Pr. indbygger, løbende priser (kr.)","I alt (netto)","5.28.21 Rådgivning samt forebyggende indsatser eller foranstaltninger og støttende indsatser for børn og unge","Billund",1442
"Pr. indbygger, løbende priser (kr.)","I alt (netto)","5.28.21 Rådgivning samt forebyggende indsatser eller foranstaltninger og støttende indsatser for børn og unge","Esbjerg",1316
"Pr. indbygger, løbende priser (kr.)","I alt (netto)","5.28.21 Rådgivning samt forebyggende indsatser eller foranstaltninger og støttende indsatser for børn og unge","Fanø",1387
"Pr. indbygger, løbende priser (kr.)","I alt (netto)","5.28.21 Rådgivning samt forebyggende indsatser eller foranstaltninger og støttende indsatser for børn og unge","Fredericia",1297
"Pr. indbygger, løbende priser (kr.)","I alt (netto)","5.28.21 Rådgivning samt forebyggende indsatser eller foranstaltninger og støttende indsatser for børn og unge","Haderslev",952
"Pr. indbygger, løbende priser (kr.)","I alt (netto)","5.28.21 Rådgivning samt forebyggende indsatser eller foranstaltninger og støttende indsatser for børn og unge","Kolding",933
"Pr. indbygger, løbende priser (kr.)","I alt (netto)","5.28.21 Rådgivning samt forebyggende indsatser eller foranstaltninger og støttende indsatser for børn og unge","Sønderborg",1405
"Pr. indbygger, løbende priser (kr.)","I alt (netto)","5.28.21 Rådgivning samt forebyggende indsatser eller foranstaltninger og støttende indsatser for børn og unge","Tønder",1042
"Pr. indbygger, løbende priser (kr.)","I alt (netto)","5.28.21 Rådgivning samt forebyggende indsatser eller foranstaltninger og støttende indsatser for børn og unge","Varde",1135
"Pr. indbygger, løbende priser (kr.)","I alt (netto)","5.28.21 Rådgivning samt forebyggende indsatser eller foranstaltninger og støttende indsatser for børn og unge","Vejen",880
"Pr. indbygger, løbende priser (kr.)","I alt (netto)","5.28.21 Rådgivning samt forebyggende indsatser eller foranstaltninger og støttende indsatser for børn og unge","Vejle",1126
"Pr. indbygger, løbende priser (kr.)","I alt (netto)","5.28.21 Rådgivning samt forebyggende indsatser eller foranstaltninger og støttende indsatser for børn og unge","Aabenraa",1120
"Pr. indbygger, løbende priser (kr.)","I alt (netto)","5.28.21 Rådgivning samt forebyggende indsatser eller foranstaltninger og støttende indsatser for børn og unge","Favrskov",879
"Pr. indbygger, løbende priser (kr.)","I alt (netto)","5.28.21 Rådgivning samt forebyggende indsatser eller foranstaltninger og støttende indsatser for børn og unge","Hedensted",1134
"Pr. indbygger, løbende priser (kr.)","I alt (netto)","5.28.21 Rådgivning samt forebyggende indsatser eller foranstaltninger og støttende indsatser for børn og unge","Horsens",988
"Pr. indbygger, løbende priser (kr.)","I alt (netto)","5.28.21 Rådgivning samt forebyggende indsatser eller foranstaltninger og støttende indsatser for børn og unge","Norddjurs",1422
"Pr. indbygger, løbende priser (kr.)","I alt (netto)","5.28.21 Rådgivning samt forebyggende indsatser eller foranstaltninger og støttende indsatser for børn og unge","Odder",966
"Pr. indbygger, løbende priser (kr.)","I alt (netto)","5.28.21 Rådgivning samt forebyggende indsatser eller foranstaltninger og støttende indsatser for børn og unge","Randers",947
"Pr. indbygger, løbende priser (kr.)","I alt (netto)","5.28.21 Rådgivning samt forebyggende indsatser eller foranstaltninger og støttende indsatser for børn og unge","Samsø",1365
"Pr. indbygger, løbende priser (kr.)","I alt (netto)","5.28.21 Rådgivning samt forebyggende indsatser eller foranstaltninger og støttende indsatser for børn og unge","Silkeborg",883
"Pr. indbygger, løbende priser (kr.)","I alt (netto)","5.28.21 Rådgivning samt forebyggende indsatser eller foranstaltninger og støttende indsatser for børn og unge","Skanderborg",963
"Pr. indbygger, løbende priser (kr.)","I alt (netto)","5.28.21 Rådgivning samt forebyggende indsatser eller foranstaltninger og støttende indsatser for børn og unge","Syddjurs",1405
"Pr. indbygger, løbende priser (kr.)","I alt (netto)","5.28.21 Rådgivning samt forebyggende indsatser eller foranstaltninger og støttende indsatser for børn og unge","Aarhus",1121
"Pr. indbygger, løbende priser (kr.)","I alt (netto)","5.28.21 Rådgivning samt forebyggende indsatser eller foranstaltninger og støttende indsatser for børn og unge","Herning",1113
"Pr. indbygger, løbende priser (kr.)","I alt (netto)","5.28.21 Rådgivning samt forebyggende indsatser eller foranstaltninger og støttende indsatser for børn og unge","Holstebro",1183
"Pr. indbygger, løbende priser (kr.)","I alt (netto)","5.28.21 Rådgivning samt forebyggende indsatser eller foranstaltninger og støttende indsatser for børn og unge","Ikast-Brande",941
"Pr. indbygger, løbende priser (kr.)","I alt (netto)","5.28.21 Rådgivning samt forebyggende indsatser eller foranstaltninger og støttende indsatser for børn og unge","Lemvig",872
"Pr. indbygger, løbende priser (kr.)","I alt (netto)","5.28.21 Rådgivning samt forebyggende indsatser eller foranstaltninger og støttende indsatser for børn og unge","Ringkøbing-Skjern",1094
"Pr. indbygger, løbende priser (kr.)","I alt (netto)","5.28.21 Rådgivning samt forebyggende indsatser eller foranstaltninger og støttende indsatser for børn og unge","Skive",1155
"Pr. indbygger, løbende priser (kr.)","I alt (netto)","5.28.21 Rådgivning samt forebyggende indsatser eller foranstaltninger og støttende indsatser for børn og unge","Struer",969
"Pr. indbygger, løbende priser (kr.)","I alt (netto)","5.28.21 Rådgivning samt forebyggende indsatser eller foranstaltninger og støttende indsatser for børn og unge","Viborg",965
"Pr. indbygger, løbende priser (kr.)","I alt (netto)","5.28.21 Rådgivning samt forebyggende indsatser eller foranstaltninger og støttende indsatser for børn og unge","Brønderslev",1398
"Pr. indbygger, løbende priser (kr.)","I alt (netto)","5.28.21 Rådgivning samt forebyggende indsatser eller foranstaltninger og støttende indsatser for børn og unge","Frederikshavn",1072
"Pr. indbygger, løbende priser (kr.)","I alt (netto)","5.28.21 Rådgivning samt forebyggende indsatser eller foranstaltninger og støttende indsatser for børn og unge","Hjørring",992
"Pr. indbygger, løbende priser (kr.)","I alt (netto)","5.28.21 Rådgivning samt forebyggende indsatser eller foranstaltninger og støttende indsatser for børn og unge","Jammerbugt",1123
"Pr. indbygger, løbende priser (kr.)","I alt (netto)","5.28.21 Rådgivning samt forebyggende indsatser eller foranstaltninger og støttende indsatser for børn og unge","Læsø",660
"Pr. indbygger, løbende priser (kr.)","I alt (netto)","5.28.21 Rådgivning samt forebyggende indsatser eller foranstaltninger og støttende indsatser for børn og unge","Mariagerfjord",945
"Pr. indbygger, løbende priser (kr.)","I alt (netto)","5.28.21 Rådgivning samt forebyggende indsatser eller foranstaltninger og støttende indsatser for børn og unge","Morsø",994
"Pr. indbygger, løbende priser (kr.)","I alt (netto)","5.28.21 Rådgivning samt forebyggende indsatser eller foranstaltninger og støttende indsatser for børn og unge","Rebild",904
"Pr. indbygger, løbende priser (kr.)","I alt (netto)","5.28.21 Rådgivning samt forebyggende indsatser eller foranstaltninger og støttende indsatser for børn og unge","Thisted",1006
"Pr. indbygger, løbende priser (kr.)","I alt (netto)","5.28.21 Rådgivning samt forebyggende indsatser eller foranstaltninger og støttende indsatser for børn og unge","Vesthimmerlands",1016
"Pr. indbygger, løbende priser (kr.)","I alt (netto)","5.28.21 Rådgivning samt forebyggende indsatser eller foranstaltninger og støttende indsatser for børn og unge","Aalborg",1043
"Pr. indbygger, løbende priser (kr.)","I alt (netto)","5.28.22 Plejefamilier","Hele landet",709
"Pr. indbygger, løbende priser (kr.)","I alt (netto)","5.28.22 Plejefamilier","København",362
"Pr. indbygger, løbende priser (kr.)","I alt (netto)","5.28.22 Plejefamilier","Frederiksberg",249
"Pr. indbygger, løbende priser (kr.)","I alt (netto)","5.28.22 Plejefamilier","Dragør",7
"Pr. indbygger, løbende priser (kr.)","I alt (netto)","5.28.22 Plejefamilier","Tårnby",575
"Pr. indbygger, løbende priser (kr.)","I alt (netto)","5.28.22 Plejefamilier","Albertslund",604
"Pr. indbygger, løbende priser (kr.)","I alt (netto)","5.28.22 Plejefamilier","Ballerup",631
"Pr. indbygger, løbende priser (kr.)","I alt (netto)","5.28.22 Plejefamilier","Brøndby",705
"Pr. indbygger, løbende priser (kr.)","I alt (netto)","5.28.22 Plejefamilier","Gentofte",254
"Pr. indbygger, løbende priser (kr.)","I alt (netto)","5.28.22 Plejefamilier","Gladsaxe",571
"Pr. indbygger, løbende priser (kr.)","I alt (netto)","5.28.22 Plejefamilier","Glostrup",510
"Pr. indbygger, løbende priser (kr.)","I alt (netto)","5.28.22 Plejefamilier","Herlev",401
"Pr. indbygger, løbende priser (kr.)","I alt (netto)","5.28.22 Plejefamilier","Hvidovre",772
"Pr. indbygger, løbende priser (kr.)","I alt (netto)","5.28.22 Plejefamilier","Høje-Taastrup",679
"Pr. indbygger, løbende priser (kr.)","I alt (netto)","5.28.22 Plejefamilier","Ishøj",683
"Pr. indbygger, løbende priser (kr.)","I alt (netto)","5.28.22 Plejefamilier","Lyngby-Taarbæk",297
"Pr. indbygger, løbende priser (kr.)","I alt (netto)","5.28.22 Plejefamilier","Rødovre",619
"Pr. indbygger, løbende priser (kr.)","I alt (netto)","5.28.22 Plejefamilier","Vallensbæk",619
"Pr. indbygger, løbende priser (kr.)","I alt (netto)","5.28.22 Plejefamilier","Allerød",243
"Pr. indbygger, løbende priser (kr.)","I alt (netto)","5.28.22 Plejefamilier","Egedal",297
"Pr. indbygger, løbende priser (kr.)","I alt (netto)","5.28.22 Plejefamilier","Fredensborg",406
"Pr. indbygger, løbende priser (kr.)","I alt (netto)","5.28.22 Plejefamilier","Frederikssund",697
"Pr. indbygger, løbende priser (kr.)","I alt (netto)","5.28.22 Plejefamilier","Furesø",385
"Pr. indbygger, løbende priser (kr.)","I alt (netto)","5.28.22 Plejefamilier","Gribskov",412
"Pr. indbygger, løbende priser (kr.)","I alt (netto)","5.28.22 Plejefamilier","Halsnæs",968
"Pr. indbygger, løbende priser (kr.)","I alt (netto)","5.28.22 Plejefamilier","Helsingør",480
"Pr. indbygger, løbende priser (kr.)","I alt (netto)","5.28.22 Plejefamilier","Hillerød",389
"Pr. indbygger, løbende priser (kr.)","I alt (netto)","5.28.22 Plejefamilier","Hørsholm",183
"Pr. indbygger, løbende priser (kr.)","I alt (netto)","5.28.22 Plejefamilier","Rudersdal",512
"Pr. indbygger, løbende priser (kr.)","I alt (netto)","5.28.22 Plejefamilier","Bornholm",1076
"Pr. indbygger, løbende priser (kr.)","I alt (netto)","5.28.22 Plejefamilier","Greve",534
"Pr. indbygger, løbende priser (kr.)","I alt (netto)","5.28.22 Plejefamilier","Køge",838
"Pr. indbygger, løbende priser (kr.)","I alt (netto)","5.28.22 Plejefamilier","Lejre",555
"Pr. indbygger, løbende priser (kr.)","I alt (netto)","5.28.22 Plejefamilier","Roskilde",668
"Pr. indbygger, løbende priser (kr.)","I alt (netto)","5.28.22 Plejefamilier","Solrød",293
"Pr. indbygger, løbende priser (kr.)","I alt (netto)","5.28.22 Plejefamilier","Faxe",1082
"Pr. indbygger, løbende priser (kr.)","I alt (netto)","5.28.22 Plejefamilier","Guldborgsund",1258
"Pr. indbygger, løbende priser (kr.)","I alt (netto)","5.28.22 Plejefamilier","Holbæk",560
"Pr. indbygger, løbende priser (kr.)","I alt (netto)","5.28.22 Plejefamilier","Kalundborg",1153
"Pr. indbygger, løbende priser (kr.)","I alt (netto)","5.28.22 Plejefamilier","Lolland",2160
"Pr. indbygger, løbende priser (kr.)","I alt (netto)","5.28.22 Plejefamilier","Næstved",492
"Pr. indbygger, løbende priser (kr.)","I alt (netto)","5.28.22 Plejefamilier","Odsherred",910
"Pr. indbygger, løbende priser (kr.)","I alt (netto)","5.28.22 Plejefamilier","Ringsted",485
"Pr. indbygger, løbende priser (kr.)","I alt (netto)","5.28.22 Plejefamilier","Slagelse",1133
"Pr. indbygger, løbende priser (kr.)","I alt (netto)","5.28.22 Plejefamilier","Sorø",697
"Pr. indbygger, løbende priser (kr.)","I alt (netto)","5.28.22 Plejefamilier","Stevns",676
"Pr. indbygger, løbende priser (kr.)","I alt (netto)","5.28.22 Plejefamilier","Vordingborg",1166
"Pr. indbygger, løbende priser (kr.)","I alt (netto)","5.28.22 Plejefamilier","Assens",1213
"Pr. indbygger, løbende priser (kr.)","I alt (netto)","5.28.22 Plejefamilier","Faaborg-Midtfyn",812
"Pr. indbygger, løbende priser (kr.)","I alt (netto)","5.28.22 Plejefamilier","Kerteminde",578
"Pr. indbygger, løbende priser (kr.)","I alt (netto)","5.28.22 Plejefamilier","Langeland",1047
"Pr. indbygger, løbende priser (kr.)","I alt (netto)","5.28.22 Plejefamilier","Middelfart",652
"Pr. indbygger, løbende priser (kr.)","I alt (netto)","5.28.22 Plejefamilier","Nordfyns",1118
"Pr. indbygger, løbende priser (kr.)","I alt (netto)","5.28.22 Plejefamilier","Nyborg",1054
"Pr. indbygger, løbende priser (kr.)","I alt (netto)","5.28.22 Plejefamilier","Odense",641
"Pr. indbygger, løbende priser (kr.)","I alt (netto)","5.28.22 Plejefamilier","Svendborg",807
"Pr. indbygger, løbende priser (kr.)","I alt (netto)","5.28.22 Plejefamilier","Ærø",162
"Pr. indbygger, løbende priser (kr.)","I alt (netto)","5.28.22 Plejefamilier","Billund",1129
"Pr. indbygger, løbende priser (kr.)","I alt (netto)","5.28.22 Plejefamilier","Esbjerg",778
"Pr. indbygger, løbende priser (kr.)","I alt (netto)","5.28.22 Plejefamilier","Fanø",-1
"Pr. indbygger, løbende priser (kr.)","I alt (netto)","5.28.22 Plejefamilier","Fredericia",964
"Pr. indbygger, løbende priser (kr.)","I alt (netto)","5.28.22 Plejefamilier","Haderslev",1327
"Pr. indbygger, løbende priser (kr.)","I alt (netto)","5.28.22 Plejefamilier","Kolding",674
"Pr. indbygger, løbende priser (kr.)","I alt (netto)","5.28.22 Plejefamilier","Sønderborg",854
"Pr. indbygger, løbende priser (kr.)","I alt (netto)","5.28.22 Plejefamilier","Tønder",1646
"Pr. indbygger, løbende priser (kr.)","I alt (netto)","5.28.22 Plejefamilier","Varde",883
"Pr. indbygger, løbende priser (kr.)","I alt (netto)","5.28.22 Plejefamilier","Vejen",892
"Pr. indbygger, løbende priser (kr.)","I alt (netto)","5.28.22 Plejefamilier","Vejle",820
"Pr. indbygger, løbende priser (kr.)","I alt (netto)","5.28.22 Plejefamilier","Aabenraa",1058
"Pr. indbygger, løbende priser (kr.)","I alt (netto)","5.28.22 Plejefamilier","Favrskov",613
"Pr. indbygger, løbende priser (kr.)","I alt (netto)","5.28.22 Plejefamilier","Hedensted",584
"Pr. indbygger, løbende priser (kr.)","I alt (netto)","5.28.22 Plejefamilier","Horsens",767
"Pr. indbygger, løbende priser (kr.)","I alt (netto)","5.28.22 Plejefamilier","Norddjurs",1007
"Pr. indbygger, løbende priser (kr.)","I alt (netto)","5.28.22 Plejefamilier","Odder",443
"Pr. indbygger, løbende priser (kr.)","I alt (netto)","5.28.22 Plejefamilier","Randers",804
"Pr. indbygger, løbende priser (kr.)","I alt (netto)","5.28.22 Plejefamilier","Samsø",1159
"Pr. indbygger, løbende priser (kr.)","I alt (netto)","5.28.22 Plejefamilier","Silkeborg",663
"Pr. indbygger, løbende priser (kr.)","I alt (netto)","5.28.22 Plejefamilier","Skanderborg",486
"Pr. indbygger, løbende priser (kr.)","I alt (netto)","5.28.22 Plejefamilier","Syddjurs",676
"Pr. indbygger, løbende priser (kr.)","I alt (netto)","5.28.22 Plejefamilier","Aarhus",437
"Pr. indbygger, løbende priser (kr.)","I alt (netto)","5.28.22 Plejefamilier","Herning",836
"Pr. indbygger, løbende priser (kr.)","I alt (netto)","5.28.22 Plejefamilier","Holstebro",919
"Pr. indbygger, løbende priser (kr.)","I alt (netto)","5.28.22 Plejefamilier","Ikast-Brande",652
"Pr. indbygger, løbende priser (kr.)","I alt (netto)","5.28.22 Plejefamilier","Lemvig",736
"Pr. indbygger, løbende priser (kr.)","I alt (netto)","5.28.22 Plejefamilier","Ringkøbing-Skjern",768
"Pr. indbygger, løbende priser (kr.)","I alt (netto)","5.28.22 Plejefamilier","Skive",769
"Pr. indbygger, løbende priser (kr.)","I alt (netto)","5.28.22 Plejefamilier","Struer",1228
"Pr. indbygger, løbende priser (kr.)","I alt (netto)","5.28.22 Plejefamilier","Viborg",1165
"Pr. indbygger, løbende priser (kr.)","I alt (netto)","5.28.22 Plejefamilier","Brønderslev",1458
"Pr. indbygger, løbende priser (kr.)","I alt (netto)","5.28.22 Plejefamilier","Frederikshavn",1327
"Pr. indbygger, løbende priser (kr.)","I alt (netto)","5.28.22 Plejefamilier","Hjørring",1499
"Pr. indbygger, løbende priser (kr.)","I alt (netto)","5.28.22 Plejefamilier","Jammerbugt",1263
"Pr. indbygger, løbende priser (kr.)","I alt (netto)","5.28.22 Plejefamilier","Læsø",517
"Pr. indbygger, løbende priser (kr.)","I alt (netto)","5.28.22 Plejefamilier","Mariagerfjord",992
"Pr. indbygger, løbende priser (kr.)","I alt (netto)","5.28.22 Plejefamilier","Morsø",1474
"Pr. indbygger, løbende priser (kr.)","I alt (netto)","5.28.22 Plejefamilier","Rebild",674
"Pr. indbygger, løbende priser (kr.)","I alt (netto)","5.28.22 Plejefamilier","Thisted",826
"Pr. indbygger, løbende priser (kr.)","I alt (netto)","5.28.22 Plejefamilier","Vesthimmerlands",1047
"Pr. indbygger, løbende priser (kr.)","I alt (netto)","5.28.22 Plejefamilier","Aalborg",768
"Pr. indbygger, løbende priser (kr.)","I alt (netto)","5.30.26 Personlig og praktisk hjælp og madservice til ældre omfattet af frit valg af leverandør","Hele landet",2402
"Pr. indbygger, løbende priser (kr.)","I alt (netto)","5.30.26 Personlig og praktisk hjælp og madservice til ældre omfattet af frit valg af leverandør","København",1380
"Pr. indbygger, løbende priser (kr.)","I alt (netto)","5.30.26 Personlig og praktisk hjælp og madservice til ældre omfattet af frit valg af leverandør","Frederiksberg",2412
"Pr. indbygger, løbende priser (kr.)","I alt (netto)","5.30.26 Personlig og praktisk hjælp og madservice til ældre omfattet af frit valg af leverandør","Dragør",4220
"Pr. indbygger, løbende priser (kr.)","I alt (netto)","5.30.26 Personlig og praktisk hjælp og madservice til ældre omfattet af frit valg af leverandør","Tårnby",2908
"Pr. indbygger, løbende priser (kr.)","I alt (netto)","5.30.26 Personlig og praktisk hjælp og madservice til ældre omfattet af frit valg af leverandør","Albertslund",3291
"Pr. indbygger, løbende priser (kr.)","I alt (netto)","5.30.26 Personlig og praktisk hjælp og madservice til ældre omfattet af frit valg af leverandør","Ballerup",2457
"Pr. indbygger, løbende priser (kr.)","I alt (netto)","5.30.26 Personlig og praktisk hjælp og madservice til ældre omfattet af frit valg af leverandør","Brøndby",2573
"Pr. indbygger, løbende priser (kr.)","I alt (netto)","5.30.26 Personlig og praktisk hjælp og madservice til ældre omfattet af frit valg af leverandør","Gentofte",2245
"Pr. indbygger, løbende priser (kr.)","I alt (netto)","5.30.26 Personlig og praktisk hjælp og madservice til ældre omfattet af frit valg af leverandør","Gladsaxe",3046
"Pr. indbygger, løbende priser (kr.)","I alt (netto)","5.30.26 Personlig og praktisk hjælp og madservice til ældre omfattet af frit valg af leverandør","Glostrup",2477
"Pr. indbygger, løbende priser (kr.)","I alt (netto)","5.30.26 Personlig og praktisk hjælp og madservice til ældre omfattet af frit valg af leverandør","Herlev",2945
"Pr. indbygger, løbende priser (kr.)","I alt (netto)","5.30.26 Personlig og praktisk hjælp og madservice til ældre omfattet af frit valg af leverandør","Hvidovre",3565
"Pr. indbygger, løbende priser (kr.)","I alt (netto)","5.30.26 Personlig og praktisk hjælp og madservice til ældre omfattet af frit valg af leverandør","Høje-Taastrup",2561
"Pr. indbygger, løbende priser (kr.)","I alt (netto)","5.30.26 Personlig og praktisk hjælp og madservice til ældre omfattet af frit valg af leverandør","Ishøj",2737
"Pr. indbygger, løbende priser (kr.)","I alt (netto)","5.30.26 Personlig og praktisk hjælp og madservice til ældre omfattet af frit valg af leverandør","Lyngby-Taarbæk",2371
"Pr. indbygger, løbende priser (kr.)","I alt (netto)","5.30.26 Personlig og praktisk hjælp og madservice til ældre omfattet af frit valg af leverandør","Rødovre",3749
"Pr. indbygger, løbende priser (kr.)","I alt (netto)","5.30.26 Personlig og praktisk hjælp og madservice til ældre omfattet af frit valg af leverandør","Vallensbæk",2625
"Pr. indbygger, løbende priser (kr.)","I alt (netto)","5.30.26 Personlig og praktisk hjælp og madservice til ældre omfattet af frit valg af leverandør","Allerød",2309
"Pr. indbygger, løbende priser (kr.)","I alt (netto)","5.30.26 Personlig og praktisk hjælp og madservice til ældre omfattet af frit valg af leverandør","Egedal",2242
"Pr. indbygger, løbende priser (kr.)","I alt (netto)","5.30.26 Personlig og praktisk hjælp og madservice til ældre omfattet af frit valg af leverandør","Fredensborg",3620
"Pr. indbygger, løbende priser (kr.)","I alt (netto)","5.30.26 Personlig og praktisk hjælp og madservice til ældre omfattet af frit valg af leverandør","Frederikssund",2392
"Pr. indbygger, løbende priser (kr.)","I alt (netto)","5.30.26 Personlig og praktisk hjælp og madservice til ældre omfattet af frit valg af leverandør","Furesø",2962
"Pr. indbygger, løbende priser (kr.)","I alt (netto)","5.30.26 Personlig og praktisk hjælp og madservice til ældre omfattet af frit valg af leverandør","Gribskov",2405
"Pr. indbygger, løbende priser (kr.)","I alt (netto)","5.30.26 Personlig og praktisk hjælp og madservice til ældre omfattet af frit valg af leverandør","Halsnæs",2095
"Pr. indbygger, løbende priser (kr.)","I alt (netto)","5.30.26 Personlig og praktisk hjælp og madservice til ældre omfattet af frit valg af leverandør","Helsingør",3512
"Pr. indbygger, løbende priser (kr.)","I alt (netto)","5.30.26 Personlig og praktisk hjælp og madservice til ældre omfattet af frit valg af leverandør","Hillerød",1335
"Pr. indbygger, løbende priser (kr.)","I alt (netto)","5.30.26 Personlig og praktisk hjælp og madservice til ældre omfattet af frit valg af leverandør","Hørsholm",3721
"Pr. indbygger, løbende priser (kr.)","I alt (netto)","5.30.26 Personlig og praktisk hjælp og madservice til ældre omfattet af frit valg af leverandør","Rudersdal",3189
"Pr. indbygger, løbende priser (kr.)","I alt (netto)","5.30.26 Personlig og praktisk hjælp og madservice til ældre omfattet af frit valg af leverandør","Bornholm",3138
"Pr. indbygger, løbende priser (kr.)","I alt (netto)","5.30.26 Personlig og praktisk hjælp og madservice til ældre omfattet af frit valg af leverandør","Greve",3546
"Pr. indbygger, løbende priser (kr.)","I alt (netto)","5.30.26 Personlig og praktisk hjælp og madservice til ældre omfattet af frit valg af leverandør","Køge",3527
"Pr. indbygger, løbende priser (kr.)","I alt (netto)","5.30.26 Personlig og praktisk hjælp og madservice til ældre omfattet af frit valg af leverandør","Lejre",1850
"Pr. indbygger, løbende priser (kr.)","I alt (netto)","5.30.26 Personlig og praktisk hjælp og madservice til ældre omfattet af frit valg af leverandør","Roskilde",2623
"Pr. indbygger, løbende priser (kr.)","I alt (netto)","5.30.26 Personlig og praktisk hjælp og madservice til ældre omfattet af frit valg af leverandør","Solrød",2775
"Pr. indbygger, løbende priser (kr.)","I alt (netto)","5.30.26 Personlig og praktisk hjælp og madservice til ældre omfattet af frit valg af leverandør","Faxe",2820
"Pr. indbygger, løbende priser (kr.)","I alt (netto)","5.30.26 Personlig og praktisk hjælp og madservice til ældre omfattet af frit valg af leverandør","Guldborgsund",2537
"Pr. indbygger, løbende priser (kr.)","I alt (netto)","5.30.26 Personlig og praktisk hjælp og madservice til ældre omfattet af frit valg af leverandør","Holbæk",2800
"Pr. indbygger, løbende priser (kr.)","I alt (netto)","5.30.26 Personlig og praktisk hjælp og madservice til ældre omfattet af frit valg af leverandør","Kalundborg",4130
"Pr. indbygger, løbende priser (kr.)","I alt (netto)","5.30.26 Personlig og praktisk hjælp og madservice til ældre omfattet af frit valg af leverandør","Lolland",3400
"Pr. indbygger, løbende priser (kr.)","I alt (netto)","5.30.26 Personlig og praktisk hjælp og madservice til ældre omfattet af frit valg af leverandør","Næstved",3032
"Pr. indbygger, løbende priser (kr.)","I alt (netto)","5.30.26 Personlig og praktisk hjælp og madservice til ældre omfattet af frit valg af leverandør","Odsherred",4086
"Pr. indbygger, løbende priser (kr.)","I alt (netto)","5.30.26 Personlig og praktisk hjælp og madservice til ældre omfattet af frit valg af leverandør","Ringsted",2834
"Pr. indbygger, løbende priser (kr.)","I alt (netto)","5.30.26 Personlig og praktisk hjælp og madservice til ældre omfattet af frit valg af leverandør","Slagelse",3432
"Pr. indbygger, løbende priser (kr.)","I alt (netto)","5.30.26 Personlig og praktisk hjælp og madservice til ældre omfattet af frit valg af leverandør","Sorø",3388
"Pr. indbygger, løbende priser (kr.)","I alt (netto)","5.30.26 Personlig og praktisk hjælp og madservice til ældre omfattet af frit valg af leverandør","Stevns",3993
"Pr. indbygger, løbende priser (kr.)","I alt (netto)","5.30.26 Personlig og praktisk hjælp og madservice til ældre omfattet af frit valg af leverandør","Vordingborg",3940
"Pr. indbygger, løbende priser (kr.)","I alt (netto)","5.30.26 Personlig og praktisk hjælp og madservice til ældre omfattet af frit valg af leverandør","Assens",2689
"Pr. indbygger, løbende priser (kr.)","I alt (netto)","5.30.26 Personlig og praktisk hjælp og madservice til ældre omfattet af frit valg af leverandør","Faaborg-Midtfyn",2590
"Pr. indbygger, løbende priser (kr.)","I alt (netto)","5.30.26 Personlig og praktisk hjælp og madservice til ældre omfattet af frit valg af leverandør","Kerteminde",2236
"Pr. indbygger, løbende priser (kr.)","I alt (netto)","5.30.26 Personlig og praktisk hjælp og madservice til ældre omfattet af frit valg af leverandør","Langeland",5722
"Pr. indbygger, løbende priser (kr.)","I alt (netto)","5.30.26 Personlig og praktisk hjælp og madservice til ældre omfattet af frit valg af leverandør","Middelfart",2710
"Pr. indbygger, løbende priser (kr.)","I alt (netto)","5.30.26 Personlig og praktisk hjælp og madservice til ældre omfattet af frit valg af leverandør","Nordfyns",2940
"Pr. indbygger, løbende priser (kr.)","I alt (netto)","5.30.26 Personlig og praktisk hjælp og madservice til ældre omfattet af frit valg af leverandør","Nyborg",3071
"Pr. indbygger, løbende priser (kr.)","I alt (netto)","5.30.26 Personlig og praktisk hjælp og madservice til ældre omfattet af frit valg af leverandør","Odense",2287
"Pr. indbygger, løbende priser (kr.)","I alt (netto)","5.30.26 Personlig og praktisk hjælp og madservice til ældre omfattet af frit valg af leverandør","Svendborg",2154
"Pr. indbygger, løbende priser (kr.)","I alt (netto)","5.30.26 Personlig og praktisk hjælp og madservice til ældre omfattet af frit valg af leverandør","Ærø",3121
"Pr. indbygger, løbende priser (kr.)","I alt (netto)","5.30.26 Personlig og praktisk hjælp og madservice til ældre omfattet af frit valg af leverandør","Billund",1629
"Pr. indbygger, løbende priser (kr.)","I alt (netto)","5.30.26 Personlig og praktisk hjælp og madservice til ældre omfattet af frit valg af leverandør","Esbjerg",2443
"Pr. indbygger, løbende priser (kr.)","I alt (netto)","5.30.26 Personlig og praktisk hjælp og madservice til ældre omfattet af frit valg af leverandør","Fanø",3589
"Pr. indbygger, løbende priser (kr.)","I alt (netto)","5.30.26 Personlig og praktisk hjælp og madservice til ældre omfattet af frit valg af leverandør","Fredericia",2865
"Pr. indbygger, løbende priser (kr.)","I alt (netto)","5.30.26 Personlig og praktisk hjælp og madservice til ældre omfattet af frit valg af leverandør","Haderslev",2900
"Pr. indbygger, løbende priser (kr.)","I alt (netto)","5.30.26 Personlig og praktisk hjælp og madservice til ældre omfattet af frit valg af leverandør","Kolding",2150
"Pr. indbygger, løbende priser (kr.)","I alt (netto)","5.30.26 Personlig og praktisk hjælp og madservice til ældre omfattet af frit valg af leverandør","Sønderborg",2583
"Pr. indbygger, løbende priser (kr.)","I alt (netto)","5.30.26 Personlig og praktisk hjælp og madservice til ældre omfattet af frit valg af leverandør","Tønder",3000
"Pr. indbygger, løbende priser (kr.)","I alt (netto)","5.30.26 Personlig og praktisk hjælp og madservice til ældre omfattet af frit valg af leverandør","Varde",2365
"Pr. indbygger, løbende priser (kr.)","I alt (netto)","5.30.26 Personlig og praktisk hjælp og madservice til ældre omfattet af frit valg af leverandør","Vejen",3049
"Pr. indbygger, løbende priser (kr.)","I alt (netto)","5.30.26 Personlig og praktisk hjælp og madservice til ældre omfattet af frit valg af leverandør","Vejle",1815
"Pr. indbygger, løbende priser (kr.)","I alt (netto)","5.30.26 Personlig og praktisk hjælp og madservice til ældre omfattet af frit valg af leverandør","Aabenraa",2951
"Pr. indbygger, løbende priser (kr.)","I alt (netto)","5.30.26 Personlig og praktisk hjælp og madservice til ældre omfattet af frit valg af leverandør","Favrskov",1424
"Pr. indbygger, løbende priser (kr.)","I alt (netto)","5.30.26 Personlig og praktisk hjælp og madservice til ældre omfattet af frit valg af leverandør","Hedensted",1717
"Pr. indbygger, løbende priser (kr.)","I alt (netto)","5.30.26 Personlig og praktisk hjælp og madservice til ældre omfattet af frit valg af leverandør","Horsens",1865
"Pr. indbygger, løbende priser (kr.)","I alt (netto)","5.30.26 Personlig og praktisk hjælp og madservice til ældre omfattet af frit valg af leverandør","Norddjurs",3010
"Pr. indbygger, løbende priser (kr.)","I alt (netto)","5.30.26 Personlig og praktisk hjælp og madservice til ældre omfattet af frit valg af leverandør","Odder",2124
"Pr. indbygger, løbende priser (kr.)","I alt (netto)","5.30.26 Personlig og praktisk hjælp og madservice til ældre omfattet af frit valg af leverandør","Randers",1923
"Pr. indbygger, løbende priser (kr.)","I alt (netto)","5.30.26 Personlig og praktisk hjælp og madservice til ældre omfattet af frit valg af leverandør","Samsø",4348
"Pr. indbygger, løbende priser (kr.)","I alt (netto)","5.30.26 Personlig og praktisk hjælp og madservice til ældre omfattet af frit valg af leverandør","Silkeborg",1796
"Pr. indbygger, løbende priser (kr.)","I alt (netto)","5.30.26 Personlig og praktisk hjælp og madservice til ældre omfattet af frit valg af leverandør","Skanderborg",1437
"Pr. indbygger, løbende priser (kr.)","I alt (netto)","5.30.26 Personlig og praktisk hjælp og madservice til ældre omfattet af frit valg af leverandør","Syddjurs",3901
"Pr. indbygger, løbende priser (kr.)","I alt (netto)","5.30.26 Personlig og praktisk hjælp og madservice til ældre omfattet af frit valg af leverandør","Aarhus",1620
"Pr. indbygger, løbende priser (kr.)","I alt (netto)","5.30.26 Personlig og praktisk hjælp og madservice til ældre omfattet af frit valg af leverandør","Herning",1653
"Pr. indbygger, løbende priser (kr.)","I alt (netto)","5.30.26 Personlig og praktisk hjælp og madservice til ældre omfattet af frit valg af leverandør","Holstebro",1906
"Pr. indbygger, løbende priser (kr.)","I alt (netto)","5.30.26 Personlig og praktisk hjælp og madservice til ældre omfattet af frit valg af leverandør","Ikast-Brande",2462
"Pr. indbygger, løbende priser (kr.)","I alt (netto)","5.30.26 Personlig og praktisk hjælp og madservice til ældre omfattet af frit valg af leverandør","Lemvig",2524
"Pr. indbygger, løbende priser (kr.)","I alt (netto)","5.30.26 Personlig og praktisk hjælp og madservice til ældre omfattet af frit valg af leverandør","Ringkøbing-Skjern",3115
"Pr. indbygger, løbende priser (kr.)","I alt (netto)","5.30.26 Personlig og praktisk hjælp og madservice til ældre omfattet af frit valg af leverandør","Skive",2300
"Pr. indbygger, løbende priser (kr.)","I alt (netto)","5.30.26 Personlig og praktisk hjælp og madservice til ældre omfattet af frit valg af leverandør","Struer",2949
"Pr. indbygger, løbende priser (kr.)","I alt (netto)","5.30.26 Personlig og praktisk hjælp og madservice til ældre omfattet af frit valg af leverandør","Viborg",2091
"Pr. indbygger, løbende priser (kr.)","I alt (netto)","5.30.26 Personlig og praktisk hjælp og madservice til ældre omfattet af frit valg af leverandør","Brønderslev",2274
"Pr. indbygger, løbende priser (kr.)","I alt (netto)","5.30.26 Personlig og praktisk hjælp og madservice til ældre omfattet af frit valg af leverandør","Frederikshavn",3224
"Pr. indbygger, løbende priser (kr.)","I alt (netto)","5.30.26 Personlig og praktisk hjælp og madservice til ældre omfattet af frit valg af leverandør","Hjørring",2441
"Pr. indbygger, løbende priser (kr.)","I alt (netto)","5.30.26 Personlig og praktisk hjælp og madservice til ældre omfattet af frit valg af leverandør","Jammerbugt",4365
"Pr. indbygger, løbende priser (kr.)","I alt (netto)","5.30.26 Personlig og praktisk hjælp og madservice til ældre omfattet af frit valg af leverandør","Læsø",4080
"Pr. indbygger, løbende priser (kr.)","I alt (netto)","5.30.26 Personlig og praktisk hjælp og madservice til ældre omfattet af frit valg af leverandør","Mariagerfjord",3257
"Pr. indbygger, løbende priser (kr.)","I alt (netto)","5.30.26 Personlig og praktisk hjælp og madservice til ældre omfattet af frit valg af leverandør","Morsø",3067
"Pr. indbygger, løbende priser (kr.)","I alt (netto)","5.30.26 Personlig og praktisk hjælp og madservice til ældre omfattet af frit valg af leverandør","Rebild",2541
"Pr. indbygger, løbende priser (kr.)","I alt (netto)","5.30.26 Personlig og praktisk hjælp og madservice til ældre omfattet af frit valg af leverandør","Thisted",2809
"Pr. indbygger, løbende priser (kr.)","I alt (netto)","5.30.26 Personlig og praktisk hjælp og madservice til ældre omfattet af frit valg af leverandør","Vesthimmerlands",2103
"Pr. indbygger, løbende priser (kr.)","I alt (netto)","5.30.26 Personlig og praktisk hjælp og madservice til ældre omfattet af frit valg af leverandør","Aalborg",1670
"Pr. indbygger, løbende priser (kr.)","I alt (netto)","5.30.27 Pleje og omsorg m.v. af primært ældre undtaget frit valg af leverandør","Hele landet",4476
"Pr. indbygger, løbende priser (kr.)","I alt (netto)","5.30.27 Pleje og omsorg m.v. af primært ældre undtaget frit valg af leverandør","København",3842
"Pr. indbygger, løbende priser (kr.)","I alt (netto)","5.30.27 Pleje og omsorg m.v. af primært ældre undtaget frit valg af leverandør","Frederiksberg",5052
"Pr. indbygger, løbende priser (kr.)","I alt (netto)","5.30.27 Pleje og omsorg m.v. af primært ældre undtaget frit valg af leverandør","Dragør",4048
"Pr. indbygger, løbende priser (kr.)","I alt (netto)","5.30.27 Pleje og omsorg m.v. af primært ældre undtaget frit valg af leverandør","Tårnby",5379
"Pr. indbygger, løbende priser (kr.)","I alt (netto)","5.30.27 Pleje og omsorg m.v. af primært ældre undtaget frit valg af leverandør","Albertslund",4318
"Pr. indbygger, løbende priser (kr.)","I alt (netto)","5.30.27 Pleje og omsorg m.v. af primært ældre undtaget frit valg af leverandør","Ballerup",4705
"Pr. indbygger, løbende priser (kr.)","I alt (netto)","5.30.27 Pleje og omsorg m.v. af primært ældre undtaget frit valg af leverandør","Brøndby",4256
"Pr. indbygger, løbende priser (kr.)","I alt (netto)","5.30.27 Pleje og omsorg m.v. af primært ældre undtaget frit valg af leverandør","Gentofte",6073
"Pr. indbygger, løbende priser (kr.)","I alt (netto)","5.30.27 Pleje og omsorg m.v. af primært ældre undtaget frit valg af leverandør","Gladsaxe",4782
"Pr. indbygger, løbende priser (kr.)","I alt (netto)","5.30.27 Pleje og omsorg m.v. af primært ældre undtaget frit valg af leverandør","Glostrup",5037
"Pr. indbygger, løbende priser (kr.)","I alt (netto)","5.30.27 Pleje og omsorg m.v. af primært ældre undtaget frit valg af leverandør","Herlev",4907
"Pr. indbygger, løbende priser (kr.)","I alt (netto)","5.30.27 Pleje og omsorg m.v. af primært ældre undtaget frit valg af leverandør","Hvidovre",4756
"Pr. indbygger, løbende priser (kr.)","I alt (netto)","5.30.27 Pleje og omsorg m.v. af primært ældre undtaget frit valg af leverandør","Høje-Taastrup",2611
"Pr. indbygger, løbende priser (kr.)","I alt (netto)","5.30.27 Pleje og omsorg m.v. af primært ældre undtaget frit valg af leverandør","Ishøj",3746
"Pr. indbygger, løbende priser (kr.)","I alt (netto)","5.30.27 Pleje og omsorg m.v. af primært ældre undtaget frit valg af leverandør","Lyngby-Taarbæk",5881
"Pr. indbygger, løbende priser (kr.)","I alt (netto)","5.30.27 Pleje og omsorg m.v. af primært ældre undtaget frit valg af leverandør","Rødovre",4903
"Pr. indbygger, løbende priser (kr.)","I alt (netto)","5.30.27 Pleje og omsorg m.v. af primært ældre undtaget frit valg af leverandør","Vallensbæk",3249
"Pr. indbygger, løbende priser (kr.)","I alt (netto)","5.30.27 Pleje og omsorg m.v. af primært ældre undtaget frit valg af leverandør","Allerød",4209
"Pr. indbygger, løbende priser (kr.)","I alt (netto)","5.30.27 Pleje og omsorg m.v. af primært ældre undtaget frit valg af leverandør","Egedal",3181
"Pr. indbygger, løbende priser (kr.)","I alt (netto)","5.30.27 Pleje og omsorg m.v. af primært ældre undtaget frit valg af leverandør","Fredensborg",5347
"Pr. indbygger, løbende priser (kr.)","I alt (netto)","5.30.27 Pleje og omsorg m.v. af primært ældre undtaget frit valg af leverandør","Frederikssund",5877
"Pr. indbygger, løbende priser (kr.)","I alt (netto)","5.30.27 Pleje og omsorg m.v. af primært ældre undtaget frit valg af leverandør","Furesø",4723
"Pr. indbygger, løbende priser (kr.)","I alt (netto)","5.30.27 Pleje og omsorg m.v. af primært ældre undtaget frit valg af leverandør","Gribskov",5886
"Pr. indbygger, løbende priser (kr.)","I alt (netto)","5.30.27 Pleje og omsorg m.v. af primært ældre undtaget frit valg af leverandør","Halsnæs",5486
"Pr. indbygger, løbende priser (kr.)","I alt (netto)","5.30.27 Pleje og omsorg m.v. af primært ældre undtaget frit valg af leverandør","Helsingør",5126
"Pr. indbygger, løbende priser (kr.)","I alt (netto)","5.30.27 Pleje og omsorg m.v. af primært ældre undtaget frit valg af leverandør","Hillerød",4611
"Pr. indbygger, løbende priser (kr.)","I alt (netto)","5.30.27 Pleje og omsorg m.v. af primært ældre undtaget frit valg af leverandør","Hørsholm",6696
"Pr. indbygger, løbende priser (kr.)","I alt (netto)","5.30.27 Pleje og omsorg m.v. af primært ældre undtaget frit valg af leverandør","Rudersdal",6258
"Pr. indbygger, løbende priser (kr.)","I alt (netto)","5.30.27 Pleje og omsorg m.v. af primært ældre undtaget frit valg af leverandør","Bornholm",6316
"Pr. indbygger, løbende priser (kr.)","I alt (netto)","5.30.27 Pleje og omsorg m.v. af primært ældre undtaget frit valg af leverandør","Greve",3314
"Pr. indbygger, løbende priser (kr.)","I alt (netto)","5.30.27 Pleje og omsorg m.v. af primært ældre undtaget frit valg af leverandør","Køge",4364
"Pr. indbygger, løbende priser (kr.)","I alt (netto)","5.30.27 Pleje og omsorg m.v. af primært ældre undtaget frit valg af leverandør","Lejre",4102
"Pr. indbygger, løbende priser (kr.)","I alt (netto)","5.30.27 Pleje og omsorg m.v. af primært ældre undtaget frit valg af leverandør","Roskilde",3630
"Pr. indbygger, løbende priser (kr.)","I alt (netto)","5.30.27 Pleje og omsorg m.v. af primært ældre undtaget frit valg af leverandør","Solrød",3788
"Pr. indbygger, løbende priser (kr.)","I alt (netto)","5.30.27 Pleje og omsorg m.v. af primært ældre undtaget frit valg af leverandør","Faxe",4615
"Pr. indbygger, løbende priser (kr.)","I alt (netto)","5.30.27 Pleje og omsorg m.v. af primært ældre undtaget frit valg af leverandør","Guldborgsund",3988
"Pr. indbygger, løbende priser (kr.)","I alt (netto)","5.30.27 Pleje og omsorg m.v. af primært ældre undtaget frit valg af leverandør","Holbæk",3337
"Pr. indbygger, løbende priser (kr.)","I alt (netto)","5.30.27 Pleje og omsorg m.v. af primært ældre undtaget frit valg af leverandør","Kalundborg",4424
"Pr. indbygger, løbende priser (kr.)","I alt (netto)","5.30.27 Pleje og omsorg m.v. af primært ældre undtaget frit valg af leverandør","Lolland",6846
"Pr. indbygger, løbende priser (kr.)","I alt (netto)","5.30.27 Pleje og omsorg m.v. af primært ældre undtaget frit valg af leverandør","Næstved",4959
"Pr. indbygger, løbende priser (kr.)","I alt (netto)","5.30.27 Pleje og omsorg m.v. af primært ældre undtaget frit valg af leverandør","Odsherred",6425
"Pr. indbygger, løbende priser (kr.)","I alt (netto)","5.30.27 Pleje og omsorg m.v. af primært ældre undtaget frit valg af leverandør","Ringsted",4410
"Pr. indbygger, løbende priser (kr.)","I alt (netto)","5.30.27 Pleje og omsorg m.v. af primært ældre undtaget frit valg af leverandør","Slagelse",3615
"Pr. indbygger, løbende priser (kr.)","I alt (netto)","5.30.27 Pleje og omsorg m.v. af primært ældre undtaget frit valg af leverandør","Sorø",4191
"Pr. indbygger, løbende priser (kr.)","I alt (netto)","5.30.27 Pleje og omsorg m.v. af primært ældre undtaget frit valg af leverandør","Stevns",3584
"Pr. indbygger, løbende priser (kr.)","I alt (netto)","5.30.27 Pleje og omsorg m.v. af primært ældre undtaget frit valg af leverandør","Vordingborg",5308
"Pr. indbygger, løbende priser (kr.)","I alt (netto)","5.30.27 Pleje og omsorg m.v. af primært ældre undtaget frit valg af leverandør","Assens",4313
"Pr. indbygger, løbende priser (kr.)","I alt (netto)","5.30.27 Pleje og omsorg m.v. af primært ældre undtaget frit valg af leverandør","Faaborg-Midtfyn",4153
"Pr. indbygger, løbende priser (kr.)","I alt (netto)","5.30.27 Pleje og omsorg m.v. af primært ældre undtaget frit valg af leverandør","Kerteminde",5865
"Pr. indbygger, løbende priser (kr.)","I alt (netto)","5.30.27 Pleje og omsorg m.v. af primært ældre undtaget frit valg af leverandør","Langeland",9943
"Pr. indbygger, løbende priser (kr.)","I alt (netto)","5.30.27 Pleje og omsorg m.v. af primært ældre undtaget frit valg af leverandør","Middelfart",4478
"Pr. indbygger, løbende priser (kr.)","I alt (netto)","5.30.27 Pleje og omsorg m.v. af primært ældre undtaget frit valg af leverandør","Nordfyns",4269
"Pr. indbygger, løbende priser (kr.)","I alt (netto)","5.30.27 Pleje og omsorg m.v. af primært ældre undtaget frit valg af leverandør","Nyborg",4091
"Pr. indbygger, løbende priser (kr.)","I alt (netto)","5.30.27 Pleje og omsorg m.v. af primært ældre undtaget frit valg af leverandør","Odense",3182
"Pr. indbygger, løbende priser (kr.)","I alt (netto)","5.30.27 Pleje og omsorg m.v. af primært ældre undtaget frit valg af leverandør","Svendborg",5479
"Pr. indbygger, løbende priser (kr.)","I alt (netto)","5.30.27 Pleje og omsorg m.v. af primært ældre undtaget frit valg af leverandør","Ærø",10643
"Pr. indbygger, løbende priser (kr.)","I alt (netto)","5.30.27 Pleje og omsorg m.v. af primært ældre undtaget frit valg af leverandør","Billund",6411
"Pr. indbygger, løbende priser (kr.)","I alt (netto)","5.30.27 Pleje og omsorg m.v. af primært ældre undtaget frit valg af leverandør","Esbjerg",4916
"Pr. indbygger, løbende priser (kr.)","I alt (netto)","5.30.27 Pleje og omsorg m.v. af primært ældre undtaget frit valg af leverandør","Fanø",8583
"Pr. indbygger, løbende priser (kr.)","I alt (netto)","5.30.27 Pleje og omsorg m.v. af primært ældre undtaget frit valg af leverandør","Fredericia",4706
"Pr. indbygger, løbende priser (kr.)","I alt (netto)","5.30.27 Pleje og omsorg m.v. af primært ældre undtaget frit valg af leverandør","Haderslev",4779
"Pr. indbygger, løbende priser (kr.)","I alt (netto)","5.30.27 Pleje og omsorg m.v. af primært ældre undtaget frit valg af leverandør","Kolding",3808
"Pr. indbygger, løbende priser (kr.)","I alt (netto)","5.30.27 Pleje og omsorg m.v. af primært ældre undtaget frit valg af leverandør","Sønderborg",5079
"Pr. indbygger, løbende priser (kr.)","I alt (netto)","5.30.27 Pleje og omsorg m.v. af primært ældre undtaget frit valg af leverandør","Tønder",5071
"Pr. indbygger, løbende priser (kr.)","I alt (netto)","5.30.27 Pleje og omsorg m.v. af primært ældre undtaget frit valg af leverandør","Varde",5259
"Pr. indbygger, løbende priser (kr.)","I alt (netto)","5.30.27 Pleje og omsorg m.v. af primært ældre undtaget frit valg af leverandør","Vejen",3964
"Pr. indbygger, løbende priser (kr.)","I alt (netto)","5.30.27 Pleje og omsorg m.v. af primært ældre undtaget frit valg af leverandør","Vejle",3275
"Pr. indbygger, løbende priser (kr.)","I alt (netto)","5.30.27 Pleje og omsorg m.v. af primært ældre undtaget frit valg af leverandør","Aabenraa",4790
"Pr. indbygger, løbende priser (kr.)","I alt (netto)","5.30.27 Pleje og omsorg m.v. af primært ældre undtaget frit valg af leverandør","Favrskov",3503
"Pr. indbygger, løbende priser (kr.)","I alt (netto)","5.30.27 Pleje og omsorg m.v. af primært ældre undtaget frit valg af leverandør","Hedensted",3569
"Pr. indbygger, løbende priser (kr.)","I alt (netto)","5.30.27 Pleje og omsorg m.v. af primært ældre undtaget frit valg af leverandør","Horsens",4032
"Pr. indbygger, løbende priser (kr.)","I alt (netto)","5.30.27 Pleje og omsorg m.v. af primært ældre undtaget frit valg af leverandør","Norddjurs",6162
"Pr. indbygger, løbende priser (kr.)","I alt (netto)","5.30.27 Pleje og omsorg m.v. af primært ældre undtaget frit valg af leverandør","Odder",4793
"Pr. indbygger, løbende priser (kr.)","I alt (netto)","5.30.27 Pleje og omsorg m.v. af primært ældre undtaget frit valg af leverandør","Randers",6161
"Pr. indbygger, løbende priser (kr.)","I alt (netto)","5.30.27 Pleje og omsorg m.v. af primært ældre undtaget frit valg af leverandør","Samsø",9413
"Pr. indbygger, løbende priser (kr.)","I alt (netto)","5.30.27 Pleje og omsorg m.v. af primært ældre undtaget frit valg af leverandør","Silkeborg",3690
"Pr. indbygger, løbende priser (kr.)","I alt (netto)","5.30.27 Pleje og omsorg m.v. af primært ældre undtaget frit valg af leverandør","Skanderborg",4347
"Pr. indbygger, løbende priser (kr.)","I alt (netto)","5.30.27 Pleje og omsorg m.v. af primært ældre undtaget frit valg af leverandør","Syddjurs",3745
"Pr. indbygger, løbende priser (kr.)","I alt (netto)","5.30.27 Pleje og omsorg m.v. af primært ældre undtaget frit valg af leverandør","Aarhus",3419
"Pr. indbygger, løbende priser (kr.)","I alt (netto)","5.30.27 Pleje og omsorg m.v. af primært ældre undtaget frit valg af leverandør","Herning",3771
"Pr. indbygger, løbende priser (kr.)","I alt (netto)","5.30.27 Pleje og omsorg m.v. af primært ældre undtaget frit valg af leverandør","Holstebro",4439
"Pr. indbygger, løbende priser (kr.)","I alt (netto)","5.30.27 Pleje og omsorg m.v. af primært ældre undtaget frit valg af leverandør","Ikast-Brande",4069
"Pr. indbygger, løbende priser (kr.)","I alt (netto)","5.30.27 Pleje og omsorg m.v. af primært ældre undtaget frit valg af leverandør","Lemvig",5218
"Pr. indbygger, løbende priser (kr.)","I alt (netto)","5.30.27 Pleje og omsorg m.v. af primært ældre undtaget frit valg af leverandør","Ringkøbing-Skjern",4622
"Pr. indbygger, løbende priser (kr.)","I alt (netto)","5.30.27 Pleje og omsorg m.v. af primært ældre undtaget frit valg af leverandør","Skive",5776
"Pr. indbygger, løbende priser (kr.)","I alt (netto)","5.30.27 Pleje og omsorg m.v. af primært ældre undtaget frit valg af leverandør","Struer",5070
"Pr. indbygger, løbende priser (kr.)","I alt (netto)","5.30.27 Pleje og omsorg m.v. af primært ældre undtaget frit valg af leverandør","Viborg",4049
"Pr. indbygger, løbende priser (kr.)","I alt (netto)","5.30.27 Pleje og omsorg m.v. af primært ældre undtaget frit valg af leverandør","Brønderslev",5845
"Pr. indbygger, løbende priser (kr.)","I alt (netto)","5.30.27 Pleje og omsorg m.v. af primært ældre undtaget frit valg af leverandør","Frederikshavn",5915
"Pr. indbygger, løbende priser (kr.)","I alt (netto)","5.30.27 Pleje og omsorg m.v. af primært ældre undtaget frit valg af leverandør","Hjørring",5573
"Pr. indbygger, løbende priser (kr.)","I alt (netto)","5.30.27 Pleje og omsorg m.v. af primært ældre undtaget frit valg af leverandør","Jammerbugt",3367
"Pr. indbygger, løbende priser (kr.)","I alt (netto)","5.30.27 Pleje og omsorg m.v. af primært ældre undtaget frit valg af leverandør","Læsø",13127
"Pr. indbygger, løbende priser (kr.)","I alt (netto)","5.30.27 Pleje og omsorg m.v. af primært ældre undtaget frit valg af leverandør","Mariagerfjord",5835
"Pr. indbygger, løbende priser (kr.)","I alt (netto)","5.30.27 Pleje og omsorg m.v. af primært ældre undtaget frit valg af leverandør","Morsø",7288
"Pr. indbygger, løbende priser (kr.)","I alt (netto)","5.30.27 Pleje og omsorg m.v. af primært ældre undtaget frit valg af leverandør","Rebild",4430
"Pr. indbygger, løbende priser (kr.)","I alt (netto)","5.30.27 Pleje og omsorg m.v. af primært ældre undtaget frit valg af leverandør","Thisted",5436
"Pr. indbygger, løbende priser (kr.)","I alt (netto)","5.30.27 Pleje og omsorg m.v. af primært ældre undtaget frit valg af leverandør","Vesthimmerlands",5548
"Pr. indbygger, løbende priser (kr.)","I alt (netto)","5.30.27 Pleje og omsorg m.v. af primært ældre undtaget frit valg af leverandør","Aalborg",4627
"Pr. indbygger, løbende priser (kr.)","I alt (netto)","5.30.28 Hjemmesygepleje","Hele landet",1165
"Pr. indbygger, løbende priser (kr.)","I alt (netto)","5.30.28 Hjemmesygepleje","København",490
"Pr. indbygger, løbende priser (kr.)","I alt (netto)","5.30.28 Hjemmesygepleje","Frederiksberg",542
"Pr. indbygger, løbende priser (kr.)","I alt (netto)","5.30.28 Hjemmesygepleje","Dragør",1014
"Pr. indbygger, løbende priser (kr.)","I alt (netto)","5.30.28 Hjemmesygepleje","Tårnby",911
"Pr. indbygger, løbende priser (kr.)","I alt (netto)","5.30.28 Hjemmesygepleje","Albertslund",1668
"Pr. indbygger, løbende priser (kr.)","I alt (netto)","5.30.28 Hjemmesygepleje","Ballerup",1347
"Pr. indbygger, løbende priser (kr.)","I alt (netto)","5.30.28 Hjemmesygepleje","Brøndby",1690
"Pr. indbygger, løbende priser (kr.)","I alt (netto)","5.30.28 Hjemmesygepleje","Gentofte",797
"Pr. indbygger, løbende priser (kr.)","I alt (netto)","5.30.28 Hjemmesygepleje","Gladsaxe",711
"Pr. indbygger, løbende priser (kr.)","I alt (netto)","5.30.28 Hjemmesygepleje","Glostrup",1022
"Pr. indbygger, løbende priser (kr.)","I alt (netto)","5.30.28 Hjemmesygepleje","Herlev",1395
"Pr. indbygger, løbende priser (kr.)","I alt (netto)","5.30.28 Hjemmesygepleje","Hvidovre",1231
"Pr. indbygger, løbende priser (kr.)","I alt (netto)","5.30.28 Hjemmesygepleje","Høje-Taastrup",1389
"Pr. indbygger, løbende priser (kr.)","I alt (netto)","5.30.28 Hjemmesygepleje","Ishøj",625
"Pr. indbygger, løbende priser (kr.)","I alt (netto)","5.30.28 Hjemmesygepleje","Lyngby-Taarbæk",1198
"Pr. indbygger, løbende priser (kr.)","I alt (netto)","5.30.28 Hjemmesygepleje","Rødovre",789
"Pr. indbygger, løbende priser (kr.)","I alt (netto)","5.30.28 Hjemmesygepleje","Vallensbæk",1282
"Pr. indbygger, løbende priser (kr.)","I alt (netto)","5.30.28 Hjemmesygepleje","Allerød",1118
"Pr. indbygger, løbende priser (kr.)","I alt (netto)","5.30.28 Hjemmesygepleje","Egedal",867
"Pr. indbygger, løbende priser (kr.)","I alt (netto)","5.30.28 Hjemmesygepleje","Fredensborg",614
"Pr. indbygger, løbende priser (kr.)","I alt (netto)","5.30.28 Hjemmesygepleje","Frederikssund",1291
"Pr. indbygger, løbende priser (kr.)","I alt (netto)","5.30.28 Hjemmesygepleje","Furesø",925
"Pr. indbygger, løbende priser (kr.)","I alt (netto)","5.30.28 Hjemmesygepleje","Gribskov",2053
"Pr. indbygger, løbende priser (kr.)","I alt (netto)","5.30.28 Hjemmesygepleje","Halsnæs",1105
"Pr. indbygger, løbende priser (kr.)","I alt (netto)","5.30.28 Hjemmesygepleje","Helsingør",1982
"Pr. indbygger, løbende priser (kr.)","I alt (netto)","5.30.28 Hjemmesygepleje","Hillerød",1261
"Pr. indbygger, løbende priser (kr.)","I alt (netto)","5.30.28 Hjemmesygepleje","Hørsholm",562
"Pr. indbygger, løbende priser (kr.)","I alt (netto)","5.30.28 Hjemmesygepleje","Rudersdal",1096
"Pr. indbygger, løbende priser (kr.)","I alt (netto)","5.30.28 Hjemmesygepleje","Bornholm",2317
"Pr. indbygger, løbende priser (kr.)","I alt (netto)","5.30.28 Hjemmesygepleje","Greve",589
"Pr. indbygger, løbende priser (kr.)","I alt (netto)","5.30.28 Hjemmesygepleje","Køge",683
"Pr. indbygger, løbende priser (kr.)","I alt (netto)","5.30.28 Hjemmesygepleje","Lejre",1131
"Pr. indbygger, løbende priser (kr.)","I alt (netto)","5.30.28 Hjemmesygepleje","Roskilde",691
"Pr. indbygger, løbende priser (kr.)","I alt (netto)","5.30.28 Hjemmesygepleje","Solrød",699
"Pr. indbygger, løbende priser (kr.)","I alt (netto)","5.30.28 Hjemmesygepleje","Faxe",586
"Pr. indbygger, løbende priser (kr.)","I alt (netto)","5.30.28 Hjemmesygepleje","Guldborgsund",2653
"Pr. indbygger, løbende priser (kr.)","I alt (netto)","5.30.28 Hjemmesygepleje","Holbæk",1571
"Pr. indbygger, løbende priser (kr.)","I alt (netto)","5.30.28 Hjemmesygepleje","Kalundborg",1031
"Pr. indbygger, løbende priser (kr.)","I alt (netto)","5.30.28 Hjemmesygepleje","Lolland",2382
"Pr. indbygger, løbende priser (kr.)","I alt (netto)","5.30.28 Hjemmesygepleje","Næstved",892
"Pr. indbygger, løbende priser (kr.)","I alt (netto)","5.30.28 Hjemmesygepleje","Odsherred",1180
"Pr. indbygger, løbende priser (kr.)","I alt (netto)","5.30.28 Hjemmesygepleje","Ringsted",516
"Pr. indbygger, løbende priser (kr.)","I alt (netto)","5.30.28 Hjemmesygepleje","Slagelse",1143
"Pr. indbygger, løbende priser (kr.)","I alt (netto)","5.30.28 Hjemmesygepleje","Sorø",837
"Pr. indbygger, løbende priser (kr.)","I alt (netto)","5.30.28 Hjemmesygepleje","Stevns",943
"Pr. indbygger, løbende priser (kr.)","I alt (netto)","5.30.28 Hjemmesygepleje","Vordingborg",1050
"Pr. indbygger, løbende priser (kr.)","I alt (netto)","5.30.28 Hjemmesygepleje","Assens",810
"Pr. indbygger, løbende priser (kr.)","I alt (netto)","5.30.28 Hjemmesygepleje","Faaborg-Midtfyn",1818
"Pr. indbygger, løbende priser (kr.)","I alt (netto)","5.30.28 Hjemmesygepleje","Kerteminde",1902
"Pr. indbygger, løbende priser (kr.)","I alt (netto)","5.30.28 Hjemmesygepleje","Langeland",2197
"Pr. indbygger, løbende priser (kr.)","I alt (netto)","5.30.28 Hjemmesygepleje","Middelfart",1324
"Pr. indbygger, løbende priser (kr.)","I alt (netto)","5.30.28 Hjemmesygepleje","Nordfyns",737
"Pr. indbygger, løbende priser (kr.)","I alt (netto)","5.30.28 Hjemmesygepleje","Nyborg",2046
"Pr. indbygger, løbende priser (kr.)","I alt (netto)","5.30.28 Hjemmesygepleje","Odense",1410
"Pr. indbygger, løbende priser (kr.)","I alt (netto)","5.30.28 Hjemmesygepleje","Svendborg",1695
"Pr. indbygger, løbende priser (kr.)","I alt (netto)","5.30.28 Hjemmesygepleje","Ærø",2546
"Pr. indbygger, løbende priser (kr.)","I alt (netto)","5.30.28 Hjemmesygepleje","Billund",1308
"Pr. indbygger, løbende priser (kr.)","I alt (netto)","5.30.28 Hjemmesygepleje","Esbjerg",1577
"Pr. indbygger, løbende priser (kr.)","I alt (netto)","5.30.28 Hjemmesygepleje","Fanø",1687
"Pr. indbygger, løbende priser (kr.)","I alt (netto)","5.30.28 Hjemmesygepleje","Fredericia",1566
"Pr. indbygger, løbende priser (kr.)","I alt (netto)","5.30.28 Hjemmesygepleje","Haderslev",1801
"Pr. indbygger, løbende priser (kr.)","I alt (netto)","5.30.28 Hjemmesygepleje","Kolding",1564
"Pr. indbygger, løbende priser (kr.)","I alt (netto)","5.30.28 Hjemmesygepleje","Sønderborg",2487
"Pr. indbygger, løbende priser (kr.)","I alt (netto)","5.30.28 Hjemmesygepleje","Tønder",1281
"Pr. indbygger, løbende priser (kr.)","I alt (netto)","5.30.28 Hjemmesygepleje","Varde",1001
"Pr. indbygger, løbende priser (kr.)","I alt (netto)","5.30.28 Hjemmesygepleje","Vejen",989
"Pr. indbygger, løbende priser (kr.)","I alt (netto)","5.30.28 Hjemmesygepleje","Vejle",1334
"Pr. indbygger, løbende priser (kr.)","I alt (netto)","5.30.28 Hjemmesygepleje","Aabenraa",1787
"Pr. indbygger, løbende priser (kr.)","I alt (netto)","5.30.28 Hjemmesygepleje","Favrskov",1430
"Pr. indbygger, løbende priser (kr.)","I alt (netto)","5.30.28 Hjemmesygepleje","Hedensted",1791
"Pr. indbygger, løbende priser (kr.)","I alt (netto)","5.30.28 Hjemmesygepleje","Horsens",1376
"Pr. indbygger, løbende priser (kr.)","I alt (netto)","5.30.28 Hjemmesygepleje","Norddjurs",1263
"Pr. indbygger, løbende priser (kr.)","I alt (netto)","5.30.28 Hjemmesygepleje","Odder",1295
"Pr. indbygger, løbende priser (kr.)","I alt (netto)","5.30.28 Hjemmesygepleje","Randers",1437
"Pr. indbygger, løbende priser (kr.)","I alt (netto)","5.30.28 Hjemmesygepleje","Samsø",2345
"Pr. indbygger, løbende priser (kr.)","I alt (netto)","5.30.28 Hjemmesygepleje","Silkeborg",1236
"Pr. indbygger, løbende priser (kr.)","I alt (netto)","5.30.28 Hjemmesygepleje","Skanderborg",1022
"Pr. indbygger, løbende priser (kr.)","I alt (netto)","5.30.28 Hjemmesygepleje","Syddjurs",1165
"Pr. indbygger, løbende priser (kr.)","I alt (netto)","5.30.28 Hjemmesygepleje","Aarhus",680
"Pr. indbygger, løbende priser (kr.)","I alt (netto)","5.30.28 Hjemmesygepleje","Herning",979
"Pr. indbygger, løbende priser (kr.)","I alt (netto)","5.30.28 Hjemmesygepleje","Holstebro",966
"Pr. indbygger, løbende priser (kr.)","I alt (netto)","5.30.28 Hjemmesygepleje","Ikast-Brande",984
"Pr. indbygger, løbende priser (kr.)","I alt (netto)","5.30.28 Hjemmesygepleje","Lemvig",1624
"Pr. indbygger, løbende priser (kr.)","I alt (netto)","5.30.28 Hjemmesygepleje","Ringkøbing-Skjern",1322
"Pr. indbygger, løbende priser (kr.)","I alt (netto)","5.30.28 Hjemmesygepleje","Skive",1593
"Pr. indbygger, løbende priser (kr.)","I alt (netto)","5.30.28 Hjemmesygepleje","Struer",1577
"Pr. indbygger, løbende priser (kr.)","I alt (netto)","5.30.28 Hjemmesygepleje","Viborg",1578
"Pr. indbygger, løbende priser (kr.)","I alt (netto)","5.30.28 Hjemmesygepleje","Brønderslev",1190
"Pr. indbygger, løbende priser (kr.)","I alt (netto)","5.30.28 Hjemmesygepleje","Frederikshavn",1094
"Pr. indbygger, løbende priser (kr.)","I alt (netto)","5.30.28 Hjemmesygepleje","Hjørring",1480
"Pr. indbygger, løbende priser (kr.)","I alt (netto)","5.30.28 Hjemmesygepleje","Jammerbugt",948
"Pr. indbygger, løbende priser (kr.)","I alt (netto)","5.30.28 Hjemmesygepleje","Læsø",5342
"Pr. indbygger, løbende priser (kr.)","I alt (netto)","5.30.28 Hjemmesygepleje","Mariagerfjord",900
"Pr. indbygger, løbende priser (kr.)","I alt (netto)","5.30.28 Hjemmesygepleje","Morsø",1150
"Pr. indbygger, løbende priser (kr.)","I alt (netto)","5.30.28 Hjemmesygepleje","Rebild",873
"Pr. indbygger, løbende priser (kr.)","I alt (netto)","5.30.28 Hjemmesygepleje","Thisted",1186
"Pr. indbygger, løbende priser (kr.)","I alt (netto)","5.30.28 Hjemmesygepleje","Vesthimmerlands",2121
"Pr. indbygger, løbende priser (kr.)","I alt (netto)","5.30.28 Hjemmesygepleje","Aalborg",1387
"Pr. indbygger, løbende priser (kr.)","I alt (netto)","5.38.45 Behandling af personer med stofmisbrug","Hele landet",175
"Pr. indbygger, løbende priser (kr.)","I alt (netto)","5.38.45 Behandling af personer med stofmisbrug","København",363
"Pr. indbygger, løbende priser (kr.)","I alt (netto)","5.38.45 Behandling af personer med stofmisbrug","Frederiksberg",230
"Pr. indbygger, løbende priser (kr.)","I alt (netto)","5.38.45 Behandling af personer med stofmisbrug","Dragør",183
"Pr. indbygger, løbende priser (kr.)","I alt (netto)","5.38.45 Behandling af personer med stofmisbrug","Tårnby",322
"Pr. indbygger, løbende priser (kr.)","I alt (netto)","5.38.45 Behandling af personer med stofmisbrug","Albertslund",416
"Pr. indbygger, løbende priser (kr.)","I alt (netto)","5.38.45 Behandling af personer med stofmisbrug","Ballerup",390
"Pr. indbygger, løbende priser (kr.)","I alt (netto)","5.38.45 Behandling af personer med stofmisbrug","Brøndby",262
"Pr. indbygger, løbende priser (kr.)","I alt (netto)","5.38.45 Behandling af personer med stofmisbrug","Gentofte",151
"Pr. indbygger, løbende priser (kr.)","I alt (netto)","5.38.45 Behandling af personer med stofmisbrug","Gladsaxe",290
"Pr. indbygger, løbende priser (kr.)","I alt (netto)","5.38.45 Behandling af personer med stofmisbrug","Glostrup",427
"Pr. indbygger, løbende priser (kr.)","I alt (netto)","5.38.45 Behandling af personer med stofmisbrug","Herlev",275
"Pr. indbygger, løbende priser (kr.)","I alt (netto)","5.38.45 Behandling af personer med stofmisbrug","Hvidovre",304
"Pr. indbygger, løbende priser (kr.)","I alt (netto)","5.38.45 Behandling af personer med stofmisbrug","Høje-Taastrup",440
"Pr. indbygger, løbende priser (kr.)","I alt (netto)","5.38.45 Behandling af personer med stofmisbrug","Ishøj",217
"Pr. indbygger, løbende priser (kr.)","I alt (netto)","5.38.45 Behandling af personer med stofmisbrug","Lyngby-Taarbæk",141
"Pr. indbygger, løbende priser (kr.)","I alt (netto)","5.38.45 Behandling af personer med stofmisbrug","Rødovre",253
"Pr. indbygger, løbende priser (kr.)","I alt (netto)","5.38.45 Behandling af personer med stofmisbrug","Vallensbæk",124
"Pr. indbygger, løbende priser (kr.)","I alt (netto)","5.38.45 Behandling af personer med stofmisbrug","Allerød",89
"Pr. indbygger, løbende priser (kr.)","I alt (netto)","5.38.45 Behandling af personer med stofmisbrug","Egedal",55
"Pr. indbygger, løbende priser (kr.)","I alt (netto)","5.38.45 Behandling af personer med stofmisbrug","Fredensborg",148
"Pr. indbygger, løbende priser (kr.)","I alt (netto)","5.38.45 Behandling af personer med stofmisbrug","Frederikssund",137
"Pr. indbygger, løbende priser (kr.)","I alt (netto)","5.38.45 Behandling af personer med stofmisbrug","Furesø",129
"Pr. indbygger, løbende priser (kr.)","I alt (netto)","5.38.45 Behandling af personer med stofmisbrug","Gribskov",73
"Pr. indbygger, løbende priser (kr.)","I alt (netto)","5.38.45 Behandling af personer med stofmisbrug","Halsnæs",180
"Pr. indbygger, løbende priser (kr.)","I alt (netto)","5.38.45 Behandling af personer med stofmisbrug","Helsingør",206
"Pr. indbygger, løbende priser (kr.)","I alt (netto)","5.38.45 Behandling af personer med stofmisbrug","Hillerød",116
"Pr. indbygger, løbende priser (kr.)","I alt (netto)","5.38.45 Behandling af personer med stofmisbrug","Hørsholm",77
"Pr. indbygger, løbende priser (kr.)","I alt (netto)","5.38.45 Behandling af personer med stofmisbrug","Rudersdal",70
"Pr. indbygger, løbende priser (kr.)","I alt (netto)","5.38.45 Behandling af personer med stofmisbrug","Bornholm",155
"Pr. indbygger, løbende priser (kr.)","I alt (netto)","5.38.45 Behandling af personer med stofmisbrug","Greve",201
"Pr. indbygger, løbende priser (kr.)","I alt (netto)","5.38.45 Behandling af personer med stofmisbrug","Køge",158
"Pr. indbygger, løbende priser (kr.)","I alt (netto)","5.38.45 Behandling af personer med stofmisbrug","Lejre",70
"Pr. indbygger, løbende priser (kr.)","I alt (netto)","5.38.45 Behandling af personer med stofmisbrug","Roskilde",137
"Pr. indbygger, løbende priser (kr.)","I alt (netto)","5.38.45 Behandling af personer med stofmisbrug","Solrød",146
"Pr. indbygger, løbende priser (kr.)","I alt (netto)","5.38.45 Behandling af personer med stofmisbrug","Faxe",92
"Pr. indbygger, løbende priser (kr.)","I alt (netto)","5.38.45 Behandling af personer med stofmisbrug","Guldborgsund",148
"Pr. indbygger, løbende priser (kr.)","I alt (netto)","5.38.45 Behandling af personer med stofmisbrug","Holbæk",155
"Pr. indbygger, løbende priser (kr.)","I alt (netto)","5.38.45 Behandling af personer med stofmisbrug","Kalundborg",127
"Pr. indbygger, løbende priser (kr.)","I alt (netto)","5.38.45 Behandling af personer med stofmisbrug","Lolland",246
"Pr. indbygger, løbende priser (kr.)","I alt (netto)","5.38.45 Behandling af personer med stofmisbrug","Næstved",88
"Pr. indbygger, løbende priser (kr.)","I alt (netto)","5.38.45 Behandling af personer med stofmisbrug","Odsherred",138
"Pr. indbygger, løbende priser (kr.)","I alt (netto)","5.38.45 Behandling af personer med stofmisbrug","Ringsted",205
"Pr. indbygger, løbende priser (kr.)","I alt (netto)","5.38.45 Behandling af personer med stofmisbrug","Slagelse",239
"Pr. indbygger, løbende priser (kr.)","I alt (netto)","5.38.45 Behandling af personer med stofmisbrug","Sorø",132
"Pr. indbygger, løbende priser (kr.)","I alt (netto)","5.38.45 Behandling af personer med stofmisbrug","Stevns",97
"Pr. indbygger, løbende priser (kr.)","I alt (netto)","5.38.45 Behandling af personer med stofmisbrug","Vordingborg",138
"Pr. indbygger, løbende priser (kr.)","I alt (netto)","5.38.45 Behandling af personer med stofmisbrug","Assens",92
"Pr. indbygger, løbende priser (kr.)","I alt (netto)","5.38.45 Behandling af personer med stofmisbrug","Faaborg-Midtfyn",161
"Pr. indbygger, løbende priser (kr.)","I alt (netto)","5.38.45 Behandling af personer med stofmisbrug","Kerteminde",106
"Pr. indbygger, løbende priser (kr.)","I alt (netto)","5.38.45 Behandling af personer med stofmisbrug","Langeland",99
"Pr. indbygger, løbende priser (kr.)","I alt (netto)","5.38.45 Behandling af personer med stofmisbrug","Middelfart",149
"Pr. indbygger, løbende priser (kr.)","I alt (netto)","5.38.45 Behandling af personer med stofmisbrug","Nordfyns",109
"Pr. indbygger, løbende priser (kr.)","I alt (netto)","5.38.45 Behandling af personer med stofmisbrug","Nyborg",136
"Pr. indbygger, løbende priser (kr.)","I alt (netto)","5.38.45 Behandling af personer med stofmisbrug","Odense",173
"Pr. indbygger, løbende priser (kr.)","I alt (netto)","5.38.45 Behandling af personer med stofmisbrug","Svendborg",230
"Pr. indbygger, løbende priser (kr.)","I alt (netto)","5.38.45 Behandling af personer med stofmisbrug","Ærø",189
"Pr. indbygger, løbende priser (kr.)","I alt (netto)","5.38.45 Behandling af personer med stofmisbrug","Billund",5
"Pr. indbygger, løbende priser (kr.)","I alt (netto)","5.38.45 Behandling af personer med stofmisbrug","Esbjerg",220
"Pr. indbygger, løbende priser (kr.)","I alt (netto)","5.38.45 Behandling af personer med stofmisbrug","Fanø",72
"Pr. indbygger, løbende priser (kr.)","I alt (netto)","5.38.45 Behandling af personer med stofmisbrug","Fredericia",219
"Pr. indbygger, løbende priser (kr.)","I alt (netto)","5.38.45 Behandling af personer med stofmisbrug","Haderslev",40
"Pr. indbygger, løbende priser (kr.)","I alt (netto)","5.38.45 Behandling af personer med stofmisbrug","Kolding",108
"Pr. indbygger, løbende priser (kr.)","I alt (netto)","5.38.45 Behandling af personer med stofmisbrug","Sønderborg",18
"Pr. indbygger, løbende priser (kr.)","I alt (netto)","5.38.45 Behandling af personer med stofmisbrug","Tønder",144
"Pr. indbygger, løbende priser (kr.)","I alt (netto)","5.38.45 Behandling af personer med stofmisbrug","Varde",155
"Pr. indbygger, løbende priser (kr.)","I alt (netto)","5.38.45 Behandling af personer med stofmisbrug","Vejen",66
"Pr. indbygger, løbende priser (kr.)","I alt (netto)","5.38.45 Behandling af personer med stofmisbrug","Vejle",133
"Pr. indbygger, løbende priser (kr.)","I alt (netto)","5.38.45 Behandling af personer med stofmisbrug","Aabenraa",4
"Pr. indbygger, løbende priser (kr.)","I alt (netto)","5.38.45 Behandling af personer med stofmisbrug","Favrskov",96
"Pr. indbygger, løbende priser (kr.)","I alt (netto)","5.38.45 Behandling af personer med stofmisbrug","Hedensted",65
"Pr. indbygger, løbende priser (kr.)","I alt (netto)","5.38.45 Behandling af personer med stofmisbrug","Horsens",156
"Pr. indbygger, løbende priser (kr.)","I alt (netto)","5.38.45 Behandling af personer med stofmisbrug","Norddjurs",111
"Pr. indbygger, løbende priser (kr.)","I alt (netto)","5.38.45 Behandling af personer med stofmisbrug","Odder",21
"Pr. indbygger, løbende priser (kr.)","I alt (netto)","5.38.45 Behandling af personer med stofmisbrug","Randers",158
"Pr. indbygger, løbende priser (kr.)","I alt (netto)","5.38.45 Behandling af personer med stofmisbrug","Samsø",87
"Pr. indbygger, løbende priser (kr.)","I alt (netto)","5.38.45 Behandling af personer med stofmisbrug","Silkeborg",112
"Pr. indbygger, løbende priser (kr.)","I alt (netto)","5.38.45 Behandling af personer med stofmisbrug","Skanderborg",48
"Pr. indbygger, løbende priser (kr.)","I alt (netto)","5.38.45 Behandling af personer med stofmisbrug","Syddjurs",178
"Pr. indbygger, løbende priser (kr.)","I alt (netto)","5.38.45 Behandling af personer med stofmisbrug","Aarhus",132
"Pr. indbygger, løbende priser (kr.)","I alt (netto)","5.38.45 Behandling af personer med stofmisbrug","Herning",130
"Pr. indbygger, løbende priser (kr.)","I alt (netto)","5.38.45 Behandling af personer med stofmisbrug","Holstebro",44
"Pr. indbygger, løbende priser (kr.)","I alt (netto)","5.38.45 Behandling af personer med stofmisbrug","Ikast-Brande",111
"Pr. indbygger, løbende priser (kr.)","I alt (netto)","5.38.45 Behandling af personer med stofmisbrug","Lemvig",103
"Pr. indbygger, løbende priser (kr.)","I alt (netto)","5.38.45 Behandling af personer med stofmisbrug","Ringkøbing-Skjern",61
"Pr. indbygger, løbende priser (kr.)","I alt (netto)","5.38.45 Behandling af personer med stofmisbrug","Skive",181
"Pr. indbygger, løbende priser (kr.)","I alt (netto)","5.38.45 Behandling af personer med stofmisbrug","Struer",139
"Pr. indbygger, løbende priser (kr.)","I alt (netto)","5.38.45 Behandling af personer med stofmisbrug","Viborg",153
"Pr. indbygger, løbende priser (kr.)","I alt (netto)","5.38.45 Behandling af personer med stofmisbrug","Brønderslev",197
"Pr. indbygger, løbende priser (kr.)","I alt (netto)","5.38.45 Behandling af personer med stofmisbrug","Frederikshavn",156
"Pr. indbygger, løbende priser (kr.)","I alt (netto)","5.38.45 Behandling af personer med stofmisbrug","Hjørring",29
"Pr. indbygger, løbende priser (kr.)","I alt (netto)","5.38.45 Behandling af personer med stofmisbrug","Jammerbugt",41
"Pr. indbygger, løbende priser (kr.)","I alt (netto)","5.38.45 Behandling af personer med stofmisbrug","Læsø",52
"Pr. indbygger, løbende priser (kr.)","I alt (netto)","5.38.45 Behandling af personer med stofmisbrug","Mariagerfjord",116
"Pr. indbygger, løbende priser (kr.)","I alt (netto)","5.38.45 Behandling af personer med stofmisbrug","Morsø",183
"Pr. indbygger, løbende priser (kr.)","I alt (netto)","5.38.45 Behandling af personer med stofmisbrug","Rebild",9
"Pr. indbygger, løbende priser (kr.)","I alt (netto)","5.38.45 Behandling af personer med stofmisbrug","Thisted",117
"Pr. indbygger, løbende priser (kr.)","I alt (netto)","5.38.45 Behandling af personer med stofmisbrug","Vesthimmerlands",222
"Pr. indbygger, løbende priser (kr.)","I alt (netto)","5.38.45 Behandling af personer med stofmisbrug","Aalborg",190
"Pr. indbygger, løbende priser (kr.)","I alt (netto)","5.48.66 Førtidspension tilkendt 1. juli 2014 eller senere","Hele landet",2860
"Pr. indbygger, løbende priser (kr.)","I alt (netto)","5.48.66 Førtidspension tilkendt 1. juli 2014 eller senere","København",2202
"Pr. indbygger, løbende priser (kr.)","I alt (netto)","5.48.66 Førtidspension tilkendt 1. juli 2014 eller senere","Frederiksberg",1967
"Pr. indbygger, løbende priser (kr.)","I alt (netto)","5.48.66 Førtidspension tilkendt 1. juli 2014 eller senere","Dragør",1382
"Pr. indbygger, løbende priser (kr.)","I alt (netto)","5.48.66 Førtidspension tilkendt 1. juli 2014 eller senere","Tårnby",2894
"Pr. indbygger, løbende priser (kr.)","I alt (netto)","5.48.66 Førtidspension tilkendt 1. juli 2014 eller senere","Albertslund",4600
"Pr. indbygger, løbende priser (kr.)","I alt (netto)","5.48.66 Førtidspension tilkendt 1. juli 2014 eller senere","Ballerup",3200
"Pr. indbygger, løbende priser (kr.)","I alt (netto)","5.48.66 Førtidspension tilkendt 1. juli 2014 eller senere","Brøndby",2728
"Pr. indbygger, løbende priser (kr.)","I alt (netto)","5.48.66 Førtidspension tilkendt 1. juli 2014 eller senere","Gentofte",1400
"Pr. indbygger, løbende priser (kr.)","I alt (netto)","5.48.66 Førtidspension tilkendt 1. juli 2014 eller senere","Gladsaxe",2310
"Pr. indbygger, løbende priser (kr.)","I alt (netto)","5.48.66 Førtidspension tilkendt 1. juli 2014 eller senere","Glostrup",2736
"Pr. indbygger, løbende priser (kr.)","I alt (netto)","5.48.66 Førtidspension tilkendt 1. juli 2014 eller senere","Herlev",2923
"Pr. indbygger, løbende priser (kr.)","I alt (netto)","5.48.66 Førtidspension tilkendt 1. juli 2014 eller senere","Hvidovre",3091
"Pr. indbygger, løbende priser (kr.)","I alt (netto)","5.48.66 Førtidspension tilkendt 1. juli 2014 eller senere","Høje-Taastrup",2556
"Pr. indbygger, løbende priser (kr.)","I alt (netto)","5.48.66 Førtidspension tilkendt 1. juli 2014 eller senere","Ishøj",3929
"Pr. indbygger, løbende priser (kr.)","I alt (netto)","5.48.66 Førtidspension tilkendt 1. juli 2014 eller senere","Lyngby-Taarbæk",1486
"Pr. indbygger, løbende priser (kr.)","I alt (netto)","5.48.66 Førtidspension tilkendt 1. juli 2014 eller senere","Rødovre",2266
"Pr. indbygger, løbende priser (kr.)","I alt (netto)","5.48.66 Førtidspension tilkendt 1. juli 2014 eller senere","Vallensbæk",1522
"Pr. indbygger, løbende priser (kr.)","I alt (netto)","5.48.66 Førtidspension tilkendt 1. juli 2014 eller senere","Allerød",1156
"Pr. indbygger, løbende priser (kr.)","I alt (netto)","5.48.66 Førtidspension tilkendt 1. juli 2014 eller senere","Egedal",1381
"Pr. indbygger, løbende priser (kr.)","I alt (netto)","5.48.66 Førtidspension tilkendt 1. juli 2014 eller senere","Fredensborg",2391
"Pr. indbygger, løbende priser (kr.)","I alt (netto)","5.48.66 Førtidspension tilkendt 1. juli 2014 eller senere","Frederikssund",2903
"Pr. indbygger, løbende priser (kr.)","I alt (netto)","5.48.66 Førtidspension tilkendt 1. juli 2014 eller senere","Furesø",1631
"Pr. indbygger, løbende priser (kr.)","I alt (netto)","5.48.66 Førtidspension tilkendt 1. juli 2014 eller senere","Gribskov",3011
"Pr. indbygger, løbende priser (kr.)","I alt (netto)","5.48.66 Førtidspension tilkendt 1. juli 2014 eller senere","Halsnæs",3651
"Pr. indbygger, løbende priser (kr.)","I alt (netto)","5.48.66 Førtidspension tilkendt 1. juli 2014 eller senere","Helsingør",3574
"Pr. indbygger, løbende priser (kr.)","I alt (netto)","5.48.66 Førtidspension tilkendt 1. juli 2014 eller senere","Hillerød",2581
"Pr. indbygger, løbende priser (kr.)","I alt (netto)","5.48.66 Førtidspension tilkendt 1. juli 2014 eller senere","Hørsholm",1354
"Pr. indbygger, løbende priser (kr.)","I alt (netto)","5.48.66 Førtidspension tilkendt 1. juli 2014 eller senere","Rudersdal",1816
"Pr. indbygger, løbende priser (kr.)","I alt (netto)","5.48.66 Førtidspension tilkendt 1. juli 2014 eller senere","Bornholm",5715
"Pr. indbygger, løbende priser (kr.)","I alt (netto)","5.48.66 Førtidspension tilkendt 1. juli 2014 eller senere","Greve",2704
"Pr. indbygger, løbende priser (kr.)","I alt (netto)","5.48.66 Førtidspension tilkendt 1. juli 2014 eller senere","Køge",3733
"Pr. indbygger, løbende priser (kr.)","I alt (netto)","5.48.66 Førtidspension tilkendt 1. juli 2014 eller senere","Lejre",2073
"Pr. indbygger, løbende priser (kr.)","I alt (netto)","5.48.66 Førtidspension tilkendt 1. juli 2014 eller senere","Roskilde",2838
"Pr. indbygger, løbende priser (kr.)","I alt (netto)","5.48.66 Førtidspension tilkendt 1. juli 2014 eller senere","Solrød",2314
"Pr. indbygger, løbende priser (kr.)","I alt (netto)","5.48.66 Førtidspension tilkendt 1. juli 2014 eller senere","Faxe",3240
"Pr. indbygger, løbende priser (kr.)","I alt (netto)","5.48.66 Førtidspension tilkendt 1. juli 2014 eller senere","Guldborgsund",3701
"Pr. indbygger, løbende priser (kr.)","I alt (netto)","5.48.66 Førtidspension tilkendt 1. juli 2014 eller senere","Holbæk",3321
"Pr. indbygger, løbende priser (kr.)","I alt (netto)","5.48.66 Førtidspension tilkendt 1. juli 2014 eller senere","Kalundborg",4337
"Pr. indbygger, løbende priser (kr.)","I alt (netto)","5.48.66 Førtidspension tilkendt 1. juli 2014 eller senere","Lolland",4979
"Pr. indbygger, løbende priser (kr.)","I alt (netto)","5.48.66 Førtidspension tilkendt 1. juli 2014 eller senere","Næstved",2669
"Pr. indbygger, løbende priser (kr.)","I alt (netto)","5.48.66 Førtidspension tilkendt 1. juli 2014 eller senere","Odsherred",4009
"Pr. indbygger, løbende priser (kr.)","I alt (netto)","5.48.66 Førtidspension tilkendt 1. juli 2014 eller senere","Ringsted",2660
"Pr. indbygger, løbende priser (kr.)","I alt (netto)","5.48.66 Førtidspension tilkendt 1. juli 2014 eller senere","Slagelse",3859
"Pr. indbygger, løbende priser (kr.)","I alt (netto)","5.48.66 Førtidspension tilkendt 1. juli 2014 eller senere","Sorø",2740
"Pr. indbygger, løbende priser (kr.)","I alt (netto)","5.48.66 Førtidspension tilkendt 1. juli 2014 eller senere","Stevns",3261
"Pr. indbygger, løbende priser (kr.)","I alt (netto)","5.48.66 Førtidspension tilkendt 1. juli 2014 eller senere","Vordingborg",3098
"Pr. indbygger, løbende priser (kr.)","I alt (netto)","5.48.66 Førtidspension tilkendt 1. juli 2014 eller senere","Assens",3532
"Pr. indbygger, løbende priser (kr.)","I alt (netto)","5.48.66 Førtidspension tilkendt 1. juli 2014 eller senere","Faaborg-Midtfyn",3107
"Pr. indbygger, løbende priser (kr.)","I alt (netto)","5.48.66 Førtidspension tilkendt 1. juli 2014 eller senere","Kerteminde",3384
"Pr. indbygger, løbende priser (kr.)","I alt (netto)","5.48.66 Førtidspension tilkendt 1. juli 2014 eller senere","Langeland",3659
"Pr. indbygger, løbende priser (kr.)","I alt (netto)","5.48.66 Førtidspension tilkendt 1. juli 2014 eller senere","Middelfart",1889
"Pr. indbygger, løbende priser (kr.)","I alt (netto)","5.48.66 Førtidspension tilkendt 1. juli 2014 eller senere","Nordfyns",2855
"Pr. indbygger, løbende priser (kr.)","I alt (netto)","5.48.66 Førtidspension tilkendt 1. juli 2014 eller senere","Nyborg",3243
"Pr. indbygger, løbende priser (kr.)","I alt (netto)","5.48.66 Førtidspension tilkendt 1. juli 2014 eller senere","Odense",3784
"Pr. indbygger, løbende priser (kr.)","I alt (netto)","5.48.66 Førtidspension tilkendt 1. juli 2014 eller senere","Svendborg",3218
"Pr. indbygger, løbende priser (kr.)","I alt (netto)","5.48.66 Førtidspension tilkendt 1. juli 2014 eller senere","Ærø",2704
"Pr. indbygger, løbende priser (kr.)","I alt (netto)","5.48.66 Førtidspension tilkendt 1. juli 2014 eller senere","Billund",3425
"Pr. indbygger, løbende priser (kr.)","I alt (netto)","5.48.66 Førtidspension tilkendt 1. juli 2014 eller senere","Esbjerg",3169
"Pr. indbygger, løbende priser (kr.)","I alt (netto)","5.48.66 Førtidspension tilkendt 1. juli 2014 eller senere","Fanø",1895
"Pr. indbygger, løbende priser (kr.)","I alt (netto)","5.48.66 Førtidspension tilkendt 1. juli 2014 eller senere","Fredericia",3769
"Pr. indbygger, løbende priser (kr.)","I alt (netto)","5.48.66 Førtidspension tilkendt 1. juli 2014 eller senere","Haderslev",3457
"Pr. indbygger, løbende priser (kr.)","I alt (netto)","5.48.66 Førtidspension tilkendt 1. juli 2014 eller senere","Kolding",2451
"Pr. indbygger, løbende priser (kr.)","I alt (netto)","5.48.66 Førtidspension tilkendt 1. juli 2014 eller senere","Sønderborg",3569
"Pr. indbygger, løbende priser (kr.)","I alt (netto)","5.48.66 Førtidspension tilkendt 1. juli 2014 eller senere","Tønder",2569
"Pr. indbygger, løbende priser (kr.)","I alt (netto)","5.48.66 Førtidspension tilkendt 1. juli 2014 eller senere","Varde",3080
"Pr. indbygger, løbende priser (kr.)","I alt (netto)","5.48.66 Førtidspension tilkendt 1. juli 2014 eller senere","Vejen",2809
"Pr. indbygger, løbende priser (kr.)","I alt (netto)","5.48.66 Førtidspension tilkendt 1. juli 2014 eller senere","Vejle",2463
"Pr. indbygger, løbende priser (kr.)","I alt (netto)","5.48.66 Førtidspension tilkendt 1. juli 2014 eller senere","Aabenraa",3887
"Pr. indbygger, løbende priser (kr.)","I alt (netto)","5.48.66 Førtidspension tilkendt 1. juli 2014 eller senere","Favrskov",1714
"Pr. indbygger, løbende priser (kr.)","I alt (netto)","5.48.66 Førtidspension tilkendt 1. juli 2014 eller senere","Hedensted",1643
"Pr. indbygger, løbende priser (kr.)","I alt (netto)","5.48.66 Førtidspension tilkendt 1. juli 2014 eller senere","Horsens",3789
"Pr. indbygger, løbende priser (kr.)","I alt (netto)","5.48.66 Førtidspension tilkendt 1. juli 2014 eller senere","Norddjurs",4488
"Pr. indbygger, løbende priser (kr.)","I alt (netto)","5.48.66 Førtidspension tilkendt 1. juli 2014 eller senere","Odder",2137
"Pr. indbygger, løbende priser (kr.)","I alt (netto)","5.48.66 Førtidspension tilkendt 1. juli 2014 eller senere","Randers",3292
"Pr. indbygger, løbende priser (kr.)","I alt (netto)","5.48.66 Førtidspension tilkendt 1. juli 2014 eller senere","Samsø",2700
"Pr. indbygger, løbende priser (kr.)","I alt (netto)","5.48.66 Førtidspension tilkendt 1. juli 2014 eller senere","Silkeborg",3439
"Pr. indbygger, løbende priser (kr.)","I alt (netto)","5.48.66 Førtidspension tilkendt 1. juli 2014 eller senere","Skanderborg",1950
"Pr. indbygger, løbende priser (kr.)","I alt (netto)","5.48.66 Førtidspension tilkendt 1. juli 2014 eller senere","Syddjurs",2368
"Pr. indbygger, løbende priser (kr.)","I alt (netto)","5.48.66 Førtidspension tilkendt 1. juli 2014 eller senere","Aarhus",2568
"Pr. indbygger, løbende priser (kr.)","I alt (netto)","5.48.66 Førtidspension tilkendt 1. juli 2014 eller senere","Herning",2517
"Pr. indbygger, løbende priser (kr.)","I alt (netto)","5.48.66 Førtidspension tilkendt 1. juli 2014 eller senere","Holstebro",2354
"Pr. indbygger, løbende priser (kr.)","I alt (netto)","5.48.66 Førtidspension tilkendt 1. juli 2014 eller senere","Ikast-Brande",2103
"Pr. indbygger, løbende priser (kr.)","I alt (netto)","5.48.66 Førtidspension tilkendt 1. juli 2014 eller senere","Lemvig",3965
"Pr. indbygger, løbende priser (kr.)","I alt (netto)","5.48.66 Førtidspension tilkendt 1. juli 2014 eller senere","Ringkøbing-Skjern",2873
"Pr. indbygger, løbende priser (kr.)","I alt (netto)","5.48.66 Førtidspension tilkendt 1. juli 2014 eller senere","Skive",4132
"Pr. indbygger, løbende priser (kr.)","I alt (netto)","5.48.66 Førtidspension tilkendt 1. juli 2014 eller senere","Struer",3009
"Pr. indbygger, løbende priser (kr.)","I alt (netto)","5.48.66 Førtidspension tilkendt 1. juli 2014 eller senere","Viborg",3678
"Pr. indbygger, løbende priser (kr.)","I alt (netto)","5.48.66 Førtidspension tilkendt 1. juli 2014 eller senere","Brønderslev",3334
"Pr. indbygger, løbende priser (kr.)","I alt (netto)","5.48.66 Førtidspension tilkendt 1. juli 2014 eller senere","Frederikshavn",3952
"Pr. indbygger, løbende priser (kr.)","I alt (netto)","5.48.66 Førtidspension tilkendt 1. juli 2014 eller senere","Hjørring",3930
"Pr. indbygger, løbende priser (kr.)","I alt (netto)","5.48.66 Førtidspension tilkendt 1. juli 2014 eller senere","Jammerbugt",2497
"Pr. indbygger, løbende priser (kr.)","I alt (netto)","5.48.66 Førtidspension tilkendt 1. juli 2014 eller senere","Læsø",2912
"Pr. indbygger, løbende priser (kr.)","I alt (netto)","5.48.66 Førtidspension tilkendt 1. juli 2014 eller senere","Mariagerfjord",2479
"Pr. indbygger, løbende priser (kr.)","I alt (netto)","5.48.66 Førtidspension tilkendt 1. juli 2014 eller senere","Morsø",3227
"Pr. indbygger, løbende priser (kr.)","I alt (netto)","5.48.66 Førtidspension tilkendt 1. juli 2014 eller senere","Rebild",2192
"Pr. indbygger, løbende priser (kr.)","I alt (netto)","5.48.66 Førtidspension tilkendt 1. juli 2014 eller senere","Thisted",2750
"Pr. indbygger, løbende priser (kr.)","I alt (netto)","5.48.66 Førtidspension tilkendt 1. juli 2014 eller senere","Vesthimmerlands",3102
"Pr. indbygger, løbende priser (kr.)","I alt (netto)","5.48.66 Førtidspension tilkendt 1. juli 2014 eller senere","Aalborg",2677
"Pr. indbygger, løbende priser (kr.)","I alt (netto)","5.57.73 Kontant- og uddannelseshjælp","Hele landet",1685
"Pr. indbygger, løbende priser (kr.)","I alt (netto)","5.57.73 Kontant- og uddannelseshjælp","København",1926
"Pr. indbygger, løbende priser (kr.)","I alt (netto)","5.57.73 Kontant- og uddannelseshjælp","Frederiksberg",1200
"Pr. indbygger, løbende priser (kr.)","I alt (netto)","5.57.73 Kontant- og uddannelseshjælp","Dragør",648
"Pr. indbygger, løbende priser (kr.)","I alt (netto)","5.57.73 Kontant- og uddannelseshjælp","Tårnby",1426
"Pr. indbygger, løbende priser (kr.)","I alt (netto)","5.57.73 Kontant- og uddannelseshjælp","Albertslund",2080
"Pr. indbygger, løbende priser (kr.)","I alt (netto)","5.57.73 Kontant- og uddannelseshjælp","Ballerup",1706
"Pr. indbygger, løbende priser (kr.)","I alt (netto)","5.57.73 Kontant- og uddannelseshjælp","Brøndby",3218
"Pr. indbygger, løbende priser (kr.)","I alt (netto)","5.57.73 Kontant- og uddannelseshjælp","Gentofte",742
"Pr. indbygger, løbende priser (kr.)","I alt (netto)","5.57.73 Kontant- og uddannelseshjælp","Gladsaxe",1571
"Pr. indbygger, løbende priser (kr.)","I alt (netto)","5.57.73 Kontant- og uddannelseshjælp","Glostrup",1665
"Pr. indbygger, løbende priser (kr.)","I alt (netto)","5.57.73 Kontant- og uddannelseshjælp","Herlev",1723
"Pr. indbygger, løbende priser (kr.)","I alt (netto)","5.57.73 Kontant- og uddannelseshjælp","Hvidovre",1792
"Pr. indbygger, løbende priser (kr.)","I alt (netto)","5.57.73 Kontant- og uddannelseshjælp","Høje-Taastrup",2017
"Pr. indbygger, løbende priser (kr.)","I alt (netto)","5.57.73 Kontant- og uddannelseshjælp","Ishøj",2112
"Pr. indbygger, løbende priser (kr.)","I alt (netto)","5.57.73 Kontant- og uddannelseshjælp","Lyngby-Taarbæk",1101
"Pr. indbygger, løbende priser (kr.)","I alt (netto)","5.57.73 Kontant- og uddannelseshjælp","Rødovre",2081
"Pr. indbygger, løbende priser (kr.)","I alt (netto)","5.57.73 Kontant- og uddannelseshjælp","Vallensbæk",795
"Pr. indbygger, løbende priser (kr.)","I alt (netto)","5.57.73 Kontant- og uddannelseshjælp","Allerød",407
"Pr. indbygger, løbende priser (kr.)","I alt (netto)","5.57.73 Kontant- og uddannelseshjælp","Egedal",748
"Pr. indbygger, løbende priser (kr.)","I alt (netto)","5.57.73 Kontant- og uddannelseshjælp","Fredensborg",958
"Pr. indbygger, løbende priser (kr.)","I alt (netto)","5.57.73 Kontant- og uddannelseshjælp","Frederikssund",1364
"Pr. indbygger, løbende priser (kr.)","I alt (netto)","5.57.73 Kontant- og uddannelseshjælp","Furesø",749
"Pr. indbygger, løbende priser (kr.)","I alt (netto)","5.57.73 Kontant- og uddannelseshjælp","Gribskov",914
"Pr. indbygger, løbende priser (kr.)","I alt (netto)","5.57.73 Kontant- og uddannelseshjælp","Halsnæs",1275
"Pr. indbygger, løbende priser (kr.)","I alt (netto)","5.57.73 Kontant- og uddannelseshjælp","Helsingør",1535
"Pr. indbygger, løbende priser (kr.)","I alt (netto)","5.57.73 Kontant- og uddannelseshjælp","Hillerød",1117
"Pr. indbygger, løbende priser (kr.)","I alt (netto)","5.57.73 Kontant- og uddannelseshjælp","Hørsholm",681
"Pr. indbygger, løbende priser (kr.)","I alt (netto)","5.57.73 Kontant- og uddannelseshjælp","Rudersdal",562
"Pr. indbygger, løbende priser (kr.)","I alt (netto)","5.57.73 Kontant- og uddannelseshjælp","Bornholm",1012
"Pr. indbygger, løbende priser (kr.)","I alt (netto)","5.57.73 Kontant- og uddannelseshjælp","Greve",893
"Pr. indbygger, løbende priser (kr.)","I alt (netto)","5.57.73 Kontant- og uddannelseshjælp","Køge",1231
"Pr. indbygger, løbende priser (kr.)","I alt (netto)","5.57.73 Kontant- og uddannelseshjælp","Lejre",557
"Pr. indbygger, løbende priser (kr.)","I alt (netto)","5.57.73 Kontant- og uddannelseshjælp","Roskilde",1091
"Pr. indbygger, løbende priser (kr.)","I alt (netto)","5.57.73 Kontant- og uddannelseshjælp","Solrød",589
"Pr. indbygger, løbende priser (kr.)","I alt (netto)","5.57.73 Kontant- og uddannelseshjælp","Faxe",1573
"Pr. indbygger, løbende priser (kr.)","I alt (netto)","5.57.73 Kontant- og uddannelseshjælp","Guldborgsund",2786
"Pr. indbygger, løbende priser (kr.)","I alt (netto)","5.57.73 Kontant- og uddannelseshjælp","Holbæk",1566
"Pr. indbygger, løbende priser (kr.)","I alt (netto)","5.57.73 Kontant- og uddannelseshjælp","Kalundborg",2185
"Pr. indbygger, løbende priser (kr.)","I alt (netto)","5.57.73 Kontant- og uddannelseshjælp","Lolland",3425
"Pr. indbygger, løbende priser (kr.)","I alt (netto)","5.57.73 Kontant- og uddannelseshjælp","Næstved",2282
"Pr. indbygger, løbende priser (kr.)","I alt (netto)","5.57.73 Kontant- og uddannelseshjælp","Odsherred",1373
"Pr. indbygger, løbende priser (kr.)","I alt (netto)","5.57.73 Kontant- og uddannelseshjælp","Ringsted",1789
"Pr. indbygger, løbende priser (kr.)","I alt (netto)","5.57.73 Kontant- og uddannelseshjælp","Slagelse",2740
"Pr. indbygger, løbende priser (kr.)","I alt (netto)","5.57.73 Kontant- og uddannelseshjælp","Sorø",1545
"Pr. indbygger, løbende priser (kr.)","I alt (netto)","5.57.73 Kontant- og uddannelseshjælp","Stevns",1266
"Pr. indbygger, løbende priser (kr.)","I alt (netto)","5.57.73 Kontant- og uddannelseshjælp","Vordingborg",2284
"Pr. indbygger, løbende priser (kr.)","I alt (netto)","5.57.73 Kontant- og uddannelseshjælp","Assens",1747
"Pr. indbygger, løbende priser (kr.)","I alt (netto)","5.57.73 Kontant- og uddannelseshjælp","Faaborg-Midtfyn",1301
"Pr. indbygger, løbende priser (kr.)","I alt (netto)","5.57.73 Kontant- og uddannelseshjælp","Kerteminde",1465
"Pr. indbygger, løbende priser (kr.)","I alt (netto)","5.57.73 Kontant- og uddannelseshjælp","Langeland",2220
"Pr. indbygger, løbende priser (kr.)","I alt (netto)","5.57.73 Kontant- og uddannelseshjælp","Middelfart",1126
"Pr. indbygger, løbende priser (kr.)","I alt (netto)","5.57.73 Kontant- og uddannelseshjælp","Nordfyns",1609
"Pr. indbygger, løbende priser (kr.)","I alt (netto)","5.57.73 Kontant- og uddannelseshjælp","Nyborg",1776
"Pr. indbygger, løbende priser (kr.)","I alt (netto)","5.57.73 Kontant- og uddannelseshjælp","Odense",2367
"Pr. indbygger, løbende priser (kr.)","I alt (netto)","5.57.73 Kontant- og uddannelseshjælp","Svendborg",2235
"Pr. indbygger, løbende priser (kr.)","I alt (netto)","5.57.73 Kontant- og uddannelseshjælp","Ærø",1105
"Pr. indbygger, løbende priser (kr.)","I alt (netto)","5.57.73 Kontant- og uddannelseshjælp","Billund",1092
"Pr. indbygger, løbende priser (kr.)","I alt (netto)","5.57.73 Kontant- og uddannelseshjælp","Esbjerg",1924
"Pr. indbygger, løbende priser (kr.)","I alt (netto)","5.57.73 Kontant- og uddannelseshjælp","Fanø",322
"Pr. indbygger, løbende priser (kr.)","I alt (netto)","5.57.73 Kontant- og uddannelseshjælp","Fredericia",2552
"Pr. indbygger, løbende priser (kr.)","I alt (netto)","5.57.73 Kontant- og uddannelseshjælp","Haderslev",2109
"Pr. indbygger, løbende priser (kr.)","I alt (netto)","5.57.73 Kontant- og uddannelseshjælp","Kolding",1674
"Pr. indbygger, løbende priser (kr.)","I alt (netto)","5.57.73 Kontant- og uddannelseshjælp","Sønderborg",1588
"Pr. indbygger, løbende priser (kr.)","I alt (netto)","5.57.73 Kontant- og uddannelseshjælp","Tønder",1752
"Pr. indbygger, løbende priser (kr.)","I alt (netto)","5.57.73 Kontant- og uddannelseshjælp","Varde",1412
"Pr. indbygger, løbende priser (kr.)","I alt (netto)","5.57.73 Kontant- og uddannelseshjælp","Vejen",1404
"Pr. indbygger, løbende priser (kr.)","I alt (netto)","5.57.73 Kontant- og uddannelseshjælp","Vejle",1648
"Pr. indbygger, løbende priser (kr.)","I alt (netto)","5.57.73 Kontant- og uddannelseshjælp","Aabenraa",1093
"Pr. indbygger, løbende priser (kr.)","I alt (netto)","5.57.73 Kontant- og uddannelseshjælp","Favrskov",850
"Pr. indbygger, løbende priser (kr.)","I alt (netto)","5.57.73 Kontant- og uddannelseshjælp","Hedensted",1079
"Pr. indbygger, løbende priser (kr.)","I alt (netto)","5.57.73 Kontant- og uddannelseshjælp","Horsens",1415
"Pr. indbygger, løbende priser (kr.)","I alt (netto)","5.57.73 Kontant- og uddannelseshjælp","Norddjurs",1892
"Pr. indbygger, løbende priser (kr.)","I alt (netto)","5.57.73 Kontant- og uddannelseshjælp","Odder",1133
"Pr. indbygger, løbende priser (kr.)","I alt (netto)","5.57.73 Kontant- og uddannelseshjælp","Randers",2900
"Pr. indbygger, løbende priser (kr.)","I alt (netto)","5.57.73 Kontant- og uddannelseshjælp","Samsø",466
"Pr. indbygger, løbende priser (kr.)","I alt (netto)","5.57.73 Kontant- og uddannelseshjælp","Silkeborg",1199
"Pr. indbygger, løbende priser (kr.)","I alt (netto)","5.57.73 Kontant- og uddannelseshjælp","Skanderborg",619
"Pr. indbygger, løbende priser (kr.)","I alt (netto)","5.57.73 Kontant- og uddannelseshjælp","Syddjurs",1157
"Pr. indbygger, løbende priser (kr.)","I alt (netto)","5.57.73 Kontant- og uddannelseshjælp","Aarhus",1956
"Pr. indbygger, løbende priser (kr.)","I alt (netto)","5.57.73 Kontant- og uddannelseshjælp","Herning",1684
"Pr. indbygger, løbende priser (kr.)","I alt (netto)","5.57.73 Kontant- og uddannelseshjælp","Holstebro",1408
"Pr. indbygger, løbende priser (kr.)","I alt (netto)","5.57.73 Kontant- og uddannelseshjælp","Ikast-Brande",1646
"Pr. indbygger, løbende priser (kr.)","I alt (netto)","5.57.73 Kontant- og uddannelseshjælp","Lemvig",804
"Pr. indbygger, løbende priser (kr.)","I alt (netto)","5.57.73 Kontant- og uddannelseshjælp","Ringkøbing-Skjern",1005
"Pr. indbygger, løbende priser (kr.)","I alt (netto)","5.57.73 Kontant- og uddannelseshjælp","Skive",1602
"Pr. indbygger, løbende priser (kr.)","I alt (netto)","5.57.73 Kontant- og uddannelseshjælp","Struer",1681
"Pr. indbygger, løbende priser (kr.)","I alt (netto)","5.57.73 Kontant- og uddannelseshjælp","Viborg",1585
"Pr. indbygger, løbende priser (kr.)","I alt (netto)","5.57.73 Kontant- og uddannelseshjælp","Brønderslev",1540
"Pr. indbygger, løbende priser (kr.)","I alt (netto)","5.57.73 Kontant- og uddannelseshjælp","Frederikshavn",1730
"Pr. indbygger, løbende priser (kr.)","I alt (netto)","5.57.73 Kontant- og uddannelseshjælp","Hjørring",1010
"Pr. indbygger, løbende priser (kr.)","I alt (netto)","5.57.73 Kontant- og uddannelseshjælp","Jammerbugt",1694
"Pr. indbygger, løbende priser (kr.)","I alt (netto)","5.57.73 Kontant- og uddannelseshjælp","Læsø",1048
"Pr. indbygger, løbende priser (kr.)","I alt (netto)","5.57.73 Kontant- og uddannelseshjælp","Mariagerfjord",2379
"Pr. indbygger, løbende priser (kr.)","I alt (netto)","5.57.73 Kontant- og uddannelseshjælp","Morsø",1884
"Pr. indbygger, løbende priser (kr.)","I alt (netto)","5.57.73 Kontant- og uddannelseshjælp","Rebild",993
"Pr. indbygger, løbende priser (kr.)","I alt (netto)","5.57.73 Kontant- og uddannelseshjælp","Thisted",1511
"Pr. indbygger, løbende priser (kr.)","I alt (netto)","5.57.73 Kontant- og uddannelseshjælp","Vesthimmerlands",1748
"Pr. indbygger, løbende priser (kr.)","I alt (netto)","5.57.73 Kontant- og uddannelseshjælp","Aalborg",2582
"Pr. indbygger, løbende priser (kr.)","I alt (netto)","5.57.78 Dagpenge til forsikrede ledige","Hele landet",1642
"Pr. indbygger, løbende priser (kr.)","I alt (netto)","5.57.78 Dagpenge til forsikrede ledige","København",2523
"Pr. indbygger, løbende priser (kr.)","I alt (netto)","5.57.78 Dagpenge til forsikrede ledige","Frederiksberg",2038
"Pr. indbygger, løbende priser (kr.)","I alt (netto)","5.57.78 Dagpenge til forsikrede ledige","Dragør",1163
"Pr. indbygger, løbende priser (kr.)","I alt (netto)","5.57.78 Dagpenge til forsikrede ledige","Tårnby",1614
"Pr. indbygger, løbende priser (kr.)","I alt (netto)","5.57.78 Dagpenge til forsikrede ledige","Albertslund",1841
"Pr. indbygger, løbende priser (kr.)","I alt (netto)","5.57.78 Dagpenge til forsikrede ledige","Ballerup",1405
"Pr. indbygger, løbende priser (kr.)","I alt (netto)","5.57.78 Dagpenge til forsikrede ledige","Brøndby",2270
"Pr. indbygger, løbende priser (kr.)","I alt (netto)","5.57.78 Dagpenge til forsikrede ledige","Gentofte",1317
"Pr. indbygger, løbende priser (kr.)","I alt (netto)","5.57.78 Dagpenge til forsikrede ledige","Gladsaxe",1413
"Pr. indbygger, løbende priser (kr.)","I alt (netto)","5.57.78 Dagpenge til forsikrede ledige","Glostrup",1848
"Pr. indbygger, løbende priser (kr.)","I alt (netto)","5.57.78 Dagpenge til forsikrede ledige","Herlev",1282
"Pr. indbygger, løbende priser (kr.)","I alt (netto)","5.57.78 Dagpenge til forsikrede ledige","Hvidovre",1705
"Pr. indbygger, løbende priser (kr.)","I alt (netto)","5.57.78 Dagpenge til forsikrede ledige","Høje-Taastrup",2176
"Pr. indbygger, løbende priser (kr.)","I alt (netto)","5.57.78 Dagpenge til forsikrede ledige","Ishøj",2988
"Pr. indbygger, løbende priser (kr.)","I alt (netto)","5.57.78 Dagpenge til forsikrede ledige","Lyngby-Taarbæk",1233
"Pr. indbygger, løbende priser (kr.)","I alt (netto)","5.57.78 Dagpenge til forsikrede ledige","Rødovre",1885
"Pr. indbygger, løbende priser (kr.)","I alt (netto)","5.57.78 Dagpenge til forsikrede ledige","Vallensbæk",1816
"Pr. indbygger, løbende priser (kr.)","I alt (netto)","5.57.78 Dagpenge til forsikrede ledige","Allerød",753
"Pr. indbygger, løbende priser (kr.)","I alt (netto)","5.57.78 Dagpenge til forsikrede ledige","Egedal",1013
"Pr. indbygger, løbende priser (kr.)","I alt (netto)","5.57.78 Dagpenge til forsikrede ledige","Fredensborg",1137
"Pr. indbygger, løbende priser (kr.)","I alt (netto)","5.57.78 Dagpenge til forsikrede ledige","Frederikssund",1115
"Pr. indbygger, løbende priser (kr.)","I alt (netto)","5.57.78 Dagpenge til forsikrede ledige","Furesø",1151
"Pr. indbygger, løbende priser (kr.)","I alt (netto)","5.57.78 Dagpenge til forsikrede ledige","Gribskov",1029
"Pr. indbygger, løbende priser (kr.)","I alt (netto)","5.57.78 Dagpenge til forsikrede ledige","Halsnæs",1211
"Pr. indbygger, løbende priser (kr.)","I alt (netto)","5.57.78 Dagpenge til forsikrede ledige","Helsingør",1342
"Pr. indbygger, løbende priser (kr.)","I alt (netto)","5.57.78 Dagpenge til forsikrede ledige","Hillerød",1082
"Pr. indbygger, løbende priser (kr.)","I alt (netto)","5.57.78 Dagpenge til forsikrede ledige","Hørsholm",1158
"Pr. indbygger, løbende priser (kr.)","I alt (netto)","5.57.78 Dagpenge til forsikrede ledige","Rudersdal",1014
"Pr. indbygger, løbende priser (kr.)","I alt (netto)","5.57.78 Dagpenge til forsikrede ledige","Bornholm",1138
"Pr. indbygger, løbende priser (kr.)","I alt (netto)","5.57.78 Dagpenge til forsikrede ledige","Greve",1477
"Pr. indbygger, løbende priser (kr.)","I alt (netto)","5.57.78 Dagpenge til forsikrede ledige","Køge",1363
"Pr. indbygger, løbende priser (kr.)","I alt (netto)","5.57.78 Dagpenge til forsikrede ledige","Lejre",1288
"Pr. indbygger, løbende priser (kr.)","I alt (netto)","5.57.78 Dagpenge til forsikrede ledige","Roskilde",1308
"Pr. indbygger, løbende priser (kr.)","I alt (netto)","5.57.78 Dagpenge til forsikrede ledige","Solrød",1097
"Pr. indbygger, løbende priser (kr.)","I alt (netto)","5.57.78 Dagpenge til forsikrede ledige","Faxe",1497
"Pr. indbygger, løbende priser (kr.)","I alt (netto)","5.57.78 Dagpenge til forsikrede ledige","Guldborgsund",1414
"Pr. indbygger, løbende priser (kr.)","I alt (netto)","5.57.78 Dagpenge til forsikrede ledige","Holbæk",1243
"Pr. indbygger, løbende priser (kr.)","I alt (netto)","5.57.78 Dagpenge til forsikrede ledige","Kalundborg",1116
"Pr. indbygger, løbende priser (kr.)","I alt (netto)","5.57.78 Dagpenge til forsikrede ledige","Lolland",1485
"Pr. indbygger, løbende priser (kr.)","I alt (netto)","5.57.78 Dagpenge til forsikrede ledige","Næstved",1544
"Pr. indbygger, løbende priser (kr.)","I alt (netto)","5.57.78 Dagpenge til forsikrede ledige","Odsherred",1035
"Pr. indbygger, løbende priser (kr.)","I alt (netto)","5.57.78 Dagpenge til forsikrede ledige","Ringsted",1605
"Pr. indbygger, løbende priser (kr.)","I alt (netto)","5.57.78 Dagpenge til forsikrede ledige","Slagelse",1631
"Pr. indbygger, løbende priser (kr.)","I alt (netto)","5.57.78 Dagpenge til forsikrede ledige","Sorø",1330
"Pr. indbygger, løbende priser (kr.)","I alt (netto)","5.57.78 Dagpenge til forsikrede ledige","Stevns",1451
"Pr. indbygger, løbende priser (kr.)","I alt (netto)","5.57.78 Dagpenge til forsikrede ledige","Vordingborg",1547
"Pr. indbygger, løbende priser (kr.)","I alt (netto)","5.57.78 Dagpenge til forsikrede ledige","Assens",1593
"Pr. indbygger, løbende priser (kr.)","I alt (netto)","5.57.78 Dagpenge til forsikrede ledige","Faaborg-Midtfyn",1337
"Pr. indbygger, løbende priser (kr.)","I alt (netto)","5.57.78 Dagpenge til forsikrede ledige","Kerteminde",1352
"Pr. indbygger, løbende priser (kr.)","I alt (netto)","5.57.78 Dagpenge til forsikrede ledige","Langeland",1207
"Pr. indbygger, løbende priser (kr.)","I alt (netto)","5.57.78 Dagpenge til forsikrede ledige","Middelfart",1205
"Pr. indbygger, løbende priser (kr.)","I alt (netto)","5.57.78 Dagpenge til forsikrede ledige","Nordfyns",1609
"Pr. indbygger, løbende priser (kr.)","I alt (netto)","5.57.78 Dagpenge til forsikrede ledige","Nyborg",1616
"Pr. indbygger, løbende priser (kr.)","I alt (netto)","5.57.78 Dagpenge til forsikrede ledige","Odense",2098
"Pr. indbygger, løbende priser (kr.)","I alt (netto)","5.57.78 Dagpenge til forsikrede ledige","Svendborg",1639
"Pr. indbygger, løbende priser (kr.)","I alt (netto)","5.57.78 Dagpenge til forsikrede ledige","Ærø",847
"Pr. indbygger, løbende priser (kr.)","I alt (netto)","5.57.78 Dagpenge til forsikrede ledige","Billund",1093
"Pr. indbygger, løbende priser (kr.)","I alt (netto)","5.57.78 Dagpenge til forsikrede ledige","Esbjerg",1368
"Pr. indbygger, løbende priser (kr.)","I alt (netto)","5.57.78 Dagpenge til forsikrede ledige","Fanø",1565
"Pr. indbygger, løbende priser (kr.)","I alt (netto)","5.57.78 Dagpenge til forsikrede ledige","Fredericia",1556
"Pr. indbygger, løbende priser (kr.)","I alt (netto)","5.57.78 Dagpenge til forsikrede ledige","Haderslev",1344
"Pr. indbygger, løbende priser (kr.)","I alt (netto)","5.57.78 Dagpenge til forsikrede ledige","Kolding",1521
"Pr. indbygger, løbende priser (kr.)","I alt (netto)","5.57.78 Dagpenge til forsikrede ledige","Sønderborg",1352
"Pr. indbygger, løbende priser (kr.)","I alt (netto)","5.57.78 Dagpenge til forsikrede ledige","Tønder",1092
"Pr. indbygger, løbende priser (kr.)","I alt (netto)","5.57.78 Dagpenge til forsikrede ledige","Varde",1073
"Pr. indbygger, løbende priser (kr.)","I alt (netto)","5.57.78 Dagpenge til forsikrede ledige","Vejen",1008
"Pr. indbygger, løbende priser (kr.)","I alt (netto)","5.57.78 Dagpenge til forsikrede ledige","Vejle",1450
"Pr. indbygger, løbende priser (kr.)","I alt (netto)","5.57.78 Dagpenge til forsikrede ledige","Aabenraa",1220
"Pr. indbygger, løbende priser (kr.)","I alt (netto)","5.57.78 Dagpenge til forsikrede ledige","Favrskov",1253
"Pr. indbygger, løbende priser (kr.)","I alt (netto)","5.57.78 Dagpenge til forsikrede ledige","Hedensted",1166
"Pr. indbygger, løbende priser (kr.)","I alt (netto)","5.57.78 Dagpenge til forsikrede ledige","Horsens",1618
"Pr. indbygger, løbende priser (kr.)","I alt (netto)","5.57.78 Dagpenge til forsikrede ledige","Norddjurs",1462
"Pr. indbygger, løbende priser (kr.)","I alt (netto)","5.57.78 Dagpenge til forsikrede ledige","Odder",1283
"Pr. indbygger, løbende priser (kr.)","I alt (netto)","5.57.78 Dagpenge til forsikrede ledige","Randers",1746
"Pr. indbygger, løbende priser (kr.)","I alt (netto)","5.57.78 Dagpenge til forsikrede ledige","Samsø",1540
"Pr. indbygger, løbende priser (kr.)","I alt (netto)","5.57.78 Dagpenge til forsikrede ledige","Silkeborg",1394
"Pr. indbygger, løbende priser (kr.)","I alt (netto)","5.57.78 Dagpenge til forsikrede ledige","Skanderborg",1209
"Pr. indbygger, løbende priser (kr.)","I alt (netto)","5.57.78 Dagpenge til forsikrede ledige","Syddjurs",1533
"Pr. indbygger, løbende priser (kr.)","I alt (netto)","5.57.78 Dagpenge til forsikrede ledige","Aarhus",2166
"Pr. indbygger, løbende priser (kr.)","I alt (netto)","5.57.78 Dagpenge til forsikrede ledige","Herning",1218
"Pr. indbygger, løbende priser (kr.)","I alt (netto)","5.57.78 Dagpenge til forsikrede ledige","Holstebro",977
"Pr. indbygger, løbende priser (kr.)","I alt (netto)","5.57.78 Dagpenge til forsikrede ledige","Ikast-Brande",1359
"Pr. indbygger, løbende priser (kr.)","I alt (netto)","5.57.78 Dagpenge til forsikrede ledige","Lemvig",1211
"Pr. indbygger, løbende priser (kr.)","I alt (netto)","5.57.78 Dagpenge til forsikrede ledige","Ringkøbing-Skjern",1077
"Pr. indbygger, løbende priser (kr.)","I alt (netto)","5.57.78 Dagpenge til forsikrede ledige","Skive",1077
"Pr. indbygger, løbende priser (kr.)","I alt (netto)","5.57.78 Dagpenge til forsikrede ledige","Struer",1371
"Pr. indbygger, løbende priser (kr.)","I alt (netto)","5.57.78 Dagpenge til forsikrede ledige","Viborg",1462
"Pr. indbygger, løbende priser (kr.)","I alt (netto)","5.57.78 Dagpenge til forsikrede ledige","Brønderslev",1726
"Pr. indbygger, løbende priser (kr.)","I alt (netto)","5.57.78 Dagpenge til forsikrede ledige","Frederikshavn",2136
"Pr. indbygger, løbende priser (kr.)","I alt (netto)","5.57.78 Dagpenge til forsikrede ledige","Hjørring",1757
"Pr. indbygger, løbende priser (kr.)","I alt (netto)","5.57.78 Dagpenge til forsikrede ledige","Jammerbugt",1583
"Pr. indbygger, løbende priser (kr.)","I alt (netto)","5.57.78 Dagpenge til forsikrede ledige","Læsø",2479
"Pr. indbygger, løbende priser (kr.)","I alt (netto)","5.57.78 Dagpenge til forsikrede ledige","Mariagerfjord",1510
"Pr. indbygger, løbende priser (kr.)","I alt (netto)","5.57.78 Dagpenge til forsikrede ledige","Morsø",1278
"Pr. indbygger, løbende priser (kr.)","I alt (netto)","5.57.78 Dagpenge til forsikrede ledige","Rebild",1376
"Pr. indbygger, løbende priser (kr.)","I alt (netto)","5.57.78 Dagpenge til forsikrede ledige","Thisted",1249
"Pr. indbygger, løbende priser (kr.)","I alt (netto)","5.57.78 Dagpenge til forsikrede ledige","Vesthimmerlands",1517
"Pr. indbygger, løbende priser (kr.)","I alt (netto)","5.57.78 Dagpenge til forsikrede ledige","Aalborg",2226
"Pr. indbygger, løbende priser (kr.)","I alt (netto)","5.58.81 Løntilskud m.v. til personer i fleksjob og personer i løntilskudsstillinger i målgruppe","Hele landet",2808
"Pr. indbygger, løbende priser (kr.)","I alt (netto)","5.58.81 Løntilskud m.v. til personer i fleksjob og personer i løntilskudsstillinger i målgruppe","København",1019
"Pr. indbygger, løbende priser (kr.)","I alt (netto)","5.58.81 Løntilskud m.v. til personer i fleksjob og personer i løntilskudsstillinger i målgruppe","Frederiksberg",1019
"Pr. indbygger, løbende priser (kr.)","I alt (netto)","5.58.81 Løntilskud m.v. til personer i fleksjob og personer i løntilskudsstillinger i målgruppe","Dragør",1526
"Pr. indbygger, løbende priser (kr.)","I alt (netto)","5.58.81 Løntilskud m.v. til personer i fleksjob og personer i løntilskudsstillinger i målgruppe","Tårnby",2170
"Pr. indbygger, løbende priser (kr.)","I alt (netto)","5.58.81 Løntilskud m.v. til personer i fleksjob og personer i løntilskudsstillinger i målgruppe","Albertslund",2574
"Pr. indbygger, løbende priser (kr.)","I alt (netto)","5.58.81 Løntilskud m.v. til personer i fleksjob og personer i løntilskudsstillinger i målgruppe","Ballerup",2180
"Pr. indbygger, løbende priser (kr.)","I alt (netto)","5.58.81 Løntilskud m.v. til personer i fleksjob og personer i løntilskudsstillinger i målgruppe","Brøndby",2055
"Pr. indbygger, løbende priser (kr.)","I alt (netto)","5.58.81 Løntilskud m.v. til personer i fleksjob og personer i løntilskudsstillinger i målgruppe","Gentofte",966
"Pr. indbygger, løbende priser (kr.)","I alt (netto)","5.58.81 Løntilskud m.v. til personer i fleksjob og personer i løntilskudsstillinger i målgruppe","Gladsaxe",1655
"Pr. indbygger, løbende priser (kr.)","I alt (netto)","5.58.81 Løntilskud m.v. til personer i fleksjob og personer i løntilskudsstillinger i målgruppe","Glostrup",2269
"Pr. indbygger, løbende priser (kr.)","I alt (netto)","5.58.81 Løntilskud m.v. til personer i fleksjob og personer i løntilskudsstillinger i målgruppe","Herlev",2048
"Pr. indbygger, løbende priser (kr.)","I alt (netto)","5.58.81 Løntilskud m.v. til personer i fleksjob og personer i løntilskudsstillinger i målgruppe","Hvidovre",2089
"Pr. indbygger, løbende priser (kr.)","I alt (netto)","5.58.81 Løntilskud m.v. til personer i fleksjob og personer i løntilskudsstillinger i målgruppe","Høje-Taastrup",2038
"Pr. indbygger, løbende priser (kr.)","I alt (netto)","5.58.81 Løntilskud m.v. til personer i fleksjob og personer i løntilskudsstillinger i målgruppe","Ishøj",2065
"Pr. indbygger, løbende priser (kr.)","I alt (netto)","5.58.81 Løntilskud m.v. til personer i fleksjob og personer i løntilskudsstillinger i målgruppe","Lyngby-Taarbæk",1179
"Pr. indbygger, løbende priser (kr.)","I alt (netto)","5.58.81 Løntilskud m.v. til personer i fleksjob og personer i løntilskudsstillinger i målgruppe","Rødovre",1980
"Pr. indbygger, løbende priser (kr.)","I alt (netto)","5.58.81 Løntilskud m.v. til personer i fleksjob og personer i løntilskudsstillinger i målgruppe","Vallensbæk",1416
"Pr. indbygger, løbende priser (kr.)","I alt (netto)","5.58.81 Løntilskud m.v. til personer i fleksjob og personer i løntilskudsstillinger i målgruppe","Allerød",1941
"Pr. indbygger, løbende priser (kr.)","I alt (netto)","5.58.81 Løntilskud m.v. til personer i fleksjob og personer i løntilskudsstillinger i målgruppe","Egedal",1845
"Pr. indbygger, løbende priser (kr.)","I alt (netto)","5.58.81 Løntilskud m.v. til personer i fleksjob og personer i løntilskudsstillinger i målgruppe","Fredensborg",1350
"Pr. indbygger, løbende priser (kr.)","I alt (netto)","5.58.81 Løntilskud m.v. til personer i fleksjob og personer i løntilskudsstillinger i målgruppe","Frederikssund",2111
"Pr. indbygger, løbende priser (kr.)","I alt (netto)","5.58.81 Løntilskud m.v. til personer i fleksjob og personer i løntilskudsstillinger i målgruppe","Furesø",1661
"Pr. indbygger, løbende priser (kr.)","I alt (netto)","5.58.81 Løntilskud m.v. til personer i fleksjob og personer i løntilskudsstillinger i målgruppe","Gribskov",2243
"Pr. indbygger, løbende priser (kr.)","I alt (netto)","5.58.81 Løntilskud m.v. til personer i fleksjob og personer i løntilskudsstillinger i målgruppe","Halsnæs",2959
"Pr. indbygger, løbende priser (kr.)","I alt (netto)","5.58.81 Løntilskud m.v. til personer i fleksjob og personer i løntilskudsstillinger i målgruppe","Helsingør",1795
"Pr. indbygger, løbende priser (kr.)","I alt (netto)","5.58.81 Løntilskud m.v. til personer i fleksjob og personer i løntilskudsstillinger i målgruppe","Hillerød",2150
"Pr. indbygger, løbende priser (kr.)","I alt (netto)","5.58.81 Løntilskud m.v. til personer i fleksjob og personer i løntilskudsstillinger i målgruppe","Hørsholm",1433
"Pr. indbygger, løbende priser (kr.)","I alt (netto)","5.58.81 Løntilskud m.v. til personer i fleksjob og personer i løntilskudsstillinger i målgruppe","Rudersdal",1352
"Pr. indbygger, løbende priser (kr.)","I alt (netto)","5.58.81 Løntilskud m.v. til personer i fleksjob og personer i løntilskudsstillinger i målgruppe","Bornholm",4653
"Pr. indbygger, løbende priser (kr.)","I alt (netto)","5.58.81 Løntilskud m.v. til personer i fleksjob og personer i løntilskudsstillinger i målgruppe","Greve",2324
"Pr. indbygger, løbende priser (kr.)","I alt (netto)","5.58.81 Løntilskud m.v. til personer i fleksjob og personer i løntilskudsstillinger i målgruppe","Køge",2626
"Pr. indbygger, løbende priser (kr.)","I alt (netto)","5.58.81 Løntilskud m.v. til personer i fleksjob og personer i løntilskudsstillinger i målgruppe","Lejre",2487
"Pr. indbygger, løbende priser (kr.)","I alt (netto)","5.58.81 Løntilskud m.v. til personer i fleksjob og personer i løntilskudsstillinger i målgruppe","Roskilde",1894
"Pr. indbygger, løbende priser (kr.)","I alt (netto)","5.58.81 Løntilskud m.v. til personer i fleksjob og personer i løntilskudsstillinger i målgruppe","Solrød",1706
"Pr. indbygger, løbende priser (kr.)","I alt (netto)","5.58.81 Løntilskud m.v. til personer i fleksjob og personer i løntilskudsstillinger i målgruppe","Faxe",3567
"Pr. indbygger, løbende priser (kr.)","I alt (netto)","5.58.81 Løntilskud m.v. til personer i fleksjob og personer i løntilskudsstillinger i målgruppe","Guldborgsund",3194
"Pr. indbygger, løbende priser (kr.)","I alt (netto)","5.58.81 Løntilskud m.v. til personer i fleksjob og personer i løntilskudsstillinger i målgruppe","Holbæk",2914
"Pr. indbygger, løbende priser (kr.)","I alt (netto)","5.58.81 Løntilskud m.v. til personer i fleksjob og personer i løntilskudsstillinger i målgruppe","Kalundborg",3292
"Pr. indbygger, løbende priser (kr.)","I alt (netto)","5.58.81 Løntilskud m.v. til personer i fleksjob og personer i løntilskudsstillinger i målgruppe","Lolland",3928
"Pr. indbygger, løbende priser (kr.)","I alt (netto)","5.58.81 Løntilskud m.v. til personer i fleksjob og personer i løntilskudsstillinger i målgruppe","Næstved",3084
"Pr. indbygger, løbende priser (kr.)","I alt (netto)","5.58.81 Løntilskud m.v. til personer i fleksjob og personer i løntilskudsstillinger i målgruppe","Odsherred",3920
"Pr. indbygger, løbende priser (kr.)","I alt (netto)","5.58.81 Løntilskud m.v. til personer i fleksjob og personer i løntilskudsstillinger i målgruppe","Ringsted",2369
"Pr. indbygger, løbende priser (kr.)","I alt (netto)","5.58.81 Løntilskud m.v. til personer i fleksjob og personer i løntilskudsstillinger i målgruppe","Slagelse",2818
"Pr. indbygger, løbende priser (kr.)","I alt (netto)","5.58.81 Løntilskud m.v. til personer i fleksjob og personer i løntilskudsstillinger i målgruppe","Sorø",3249
"Pr. indbygger, løbende priser (kr.)","I alt (netto)","5.58.81 Løntilskud m.v. til personer i fleksjob og personer i løntilskudsstillinger i målgruppe","Stevns",3238
"Pr. indbygger, løbende priser (kr.)","I alt (netto)","5.58.81 Løntilskud m.v. til personer i fleksjob og personer i løntilskudsstillinger i målgruppe","Vordingborg",2847
"Pr. indbygger, løbende priser (kr.)","I alt (netto)","5.58.81 Løntilskud m.v. til personer i fleksjob og personer i løntilskudsstillinger i målgruppe","Assens",3778
"Pr. indbygger, løbende priser (kr.)","I alt (netto)","5.58.81 Løntilskud m.v. til personer i fleksjob og personer i løntilskudsstillinger i målgruppe","Faaborg-Midtfyn",3746
"Pr. indbygger, løbende priser (kr.)","I alt (netto)","5.58.81 Løntilskud m.v. til personer i fleksjob og personer i løntilskudsstillinger i målgruppe","Kerteminde",4053
"Pr. indbygger, løbende priser (kr.)","I alt (netto)","5.58.81 Løntilskud m.v. til personer i fleksjob og personer i løntilskudsstillinger i målgruppe","Langeland",5103
"Pr. indbygger, løbende priser (kr.)","I alt (netto)","5.58.81 Løntilskud m.v. til personer i fleksjob og personer i løntilskudsstillinger i målgruppe","Middelfart",3440
"Pr. indbygger, løbende priser (kr.)","I alt (netto)","5.58.81 Løntilskud m.v. til personer i fleksjob og personer i løntilskudsstillinger i målgruppe","Nordfyns",3339
"Pr. indbygger, løbende priser (kr.)","I alt (netto)","5.58.81 Løntilskud m.v. til personer i fleksjob og personer i løntilskudsstillinger i målgruppe","Nyborg",3527
"Pr. indbygger, løbende priser (kr.)","I alt (netto)","5.58.81 Løntilskud m.v. til personer i fleksjob og personer i løntilskudsstillinger i målgruppe","Odense",2831
"Pr. indbygger, løbende priser (kr.)","I alt (netto)","5.58.81 Løntilskud m.v. til personer i fleksjob og personer i løntilskudsstillinger i målgruppe","Svendborg",2702
"Pr. indbygger, løbende priser (kr.)","I alt (netto)","5.58.81 Løntilskud m.v. til personer i fleksjob og personer i løntilskudsstillinger i målgruppe","Ærø",3268
"Pr. indbygger, løbende priser (kr.)","I alt (netto)","5.58.81 Løntilskud m.v. til personer i fleksjob og personer i løntilskudsstillinger i målgruppe","Billund",4251
"Pr. indbygger, løbende priser (kr.)","I alt (netto)","5.58.81 Løntilskud m.v. til personer i fleksjob og personer i løntilskudsstillinger i målgruppe","Esbjerg",3363
"Pr. indbygger, løbende priser (kr.)","I alt (netto)","5.58.81 Løntilskud m.v. til personer i fleksjob og personer i løntilskudsstillinger i målgruppe","Fanø",2359
"Pr. indbygger, løbende priser (kr.)","I alt (netto)","5.58.81 Løntilskud m.v. til personer i fleksjob og personer i løntilskudsstillinger i målgruppe","Fredericia",2985
"Pr. indbygger, løbende priser (kr.)","I alt (netto)","5.58.81 Løntilskud m.v. til personer i fleksjob og personer i løntilskudsstillinger i målgruppe","Haderslev",4450
"Pr. indbygger, løbende priser (kr.)","I alt (netto)","5.58.81 Løntilskud m.v. til personer i fleksjob og personer i løntilskudsstillinger i målgruppe","Kolding",3493
"Pr. indbygger, løbende priser (kr.)","I alt (netto)","5.58.81 Løntilskud m.v. til personer i fleksjob og personer i løntilskudsstillinger i målgruppe","Sønderborg",4059
"Pr. indbygger, løbende priser (kr.)","I alt (netto)","5.58.81 Løntilskud m.v. til personer i fleksjob og personer i løntilskudsstillinger i målgruppe","Tønder",3771
"Pr. indbygger, løbende priser (kr.)","I alt (netto)","5.58.81 Løntilskud m.v. til personer i fleksjob og personer i løntilskudsstillinger i målgruppe","Varde",3762
"Pr. indbygger, løbende priser (kr.)","I alt (netto)","5.58.81 Løntilskud m.v. til personer i fleksjob og personer i løntilskudsstillinger i målgruppe","Vejen",3602
"Pr. indbygger, løbende priser (kr.)","I alt (netto)","5.58.81 Løntilskud m.v. til personer i fleksjob og personer i løntilskudsstillinger i målgruppe","Vejle",2897
"Pr. indbygger, løbende priser (kr.)","I alt (netto)","5.58.81 Løntilskud m.v. til personer i fleksjob og personer i løntilskudsstillinger i målgruppe","Aabenraa",4406
"Pr. indbygger, løbende priser (kr.)","I alt (netto)","5.58.81 Løntilskud m.v. til personer i fleksjob og personer i løntilskudsstillinger i målgruppe","Favrskov",3306
"Pr. indbygger, løbende priser (kr.)","I alt (netto)","5.58.81 Løntilskud m.v. til personer i fleksjob og personer i løntilskudsstillinger i målgruppe","Hedensted",4380
"Pr. indbygger, løbende priser (kr.)","I alt (netto)","5.58.81 Løntilskud m.v. til personer i fleksjob og personer i løntilskudsstillinger i målgruppe","Horsens",4323
"Pr. indbygger, løbende priser (kr.)","I alt (netto)","5.58.81 Løntilskud m.v. til personer i fleksjob og personer i løntilskudsstillinger i målgruppe","Norddjurs",4079
"Pr. indbygger, løbende priser (kr.)","I alt (netto)","5.58.81 Løntilskud m.v. til personer i fleksjob og personer i løntilskudsstillinger i målgruppe","Odder",4295
"Pr. indbygger, løbende priser (kr.)","I alt (netto)","5.58.81 Løntilskud m.v. til personer i fleksjob og personer i løntilskudsstillinger i målgruppe","Randers",4156
"Pr. indbygger, løbende priser (kr.)","I alt (netto)","5.58.81 Løntilskud m.v. til personer i fleksjob og personer i løntilskudsstillinger i målgruppe","Samsø",5270
"Pr. indbygger, løbende priser (kr.)","I alt (netto)","5.58.81 Løntilskud m.v. til personer i fleksjob og personer i løntilskudsstillinger i målgruppe","Silkeborg",3568
"Pr. indbygger, løbende priser (kr.)","I alt (netto)","5.58.81 Løntilskud m.v. til personer i fleksjob og personer i løntilskudsstillinger i målgruppe","Skanderborg",3261
"Pr. indbygger, løbende priser (kr.)","I alt (netto)","5.58.81 Løntilskud m.v. til personer i fleksjob og personer i løntilskudsstillinger i målgruppe","Syddjurs",3673
"Pr. indbygger, løbende priser (kr.)","I alt (netto)","5.58.81 Løntilskud m.v. til personer i fleksjob og personer i løntilskudsstillinger i målgruppe","Aarhus",3032
"Pr. indbygger, løbende priser (kr.)","I alt (netto)","5.58.81 Løntilskud m.v. til personer i fleksjob og personer i løntilskudsstillinger i målgruppe","Herning",3585
"Pr. indbygger, løbende priser (kr.)","I alt (netto)","5.58.81 Løntilskud m.v. til personer i fleksjob og personer i løntilskudsstillinger i målgruppe","Holstebro",3704
"Pr. indbygger, løbende priser (kr.)","I alt (netto)","5.58.81 Løntilskud m.v. til personer i fleksjob og personer i løntilskudsstillinger i målgruppe","Ikast-Brande",3826
"Pr. indbygger, løbende priser (kr.)","I alt (netto)","5.58.81 Løntilskud m.v. til personer i fleksjob og personer i løntilskudsstillinger i målgruppe","Lemvig",4576
"Pr. indbygger, løbende priser (kr.)","I alt (netto)","5.58.81 Løntilskud m.v. til personer i fleksjob og personer i løntilskudsstillinger i målgruppe","Ringkøbing-Skjern",4505
"Pr. indbygger, løbende priser (kr.)","I alt (netto)","5.58.81 Løntilskud m.v. til personer i fleksjob og personer i løntilskudsstillinger i målgruppe","Skive",4022
"Pr. indbygger, løbende priser (kr.)","I alt (netto)","5.58.81 Løntilskud m.v. til personer i fleksjob og personer i løntilskudsstillinger i målgruppe","Struer",3839
"Pr. indbygger, løbende priser (kr.)","I alt (netto)","5.58.81 Løntilskud m.v. til personer i fleksjob og personer i løntilskudsstillinger i målgruppe","Viborg",3863
"Pr. indbygger, løbende priser (kr.)","I alt (netto)","5.58.81 Løntilskud m.v. til personer i fleksjob og personer i løntilskudsstillinger i målgruppe","Brønderslev",3503
"Pr. indbygger, løbende priser (kr.)","I alt (netto)","5.58.81 Løntilskud m.v. til personer i fleksjob og personer i løntilskudsstillinger i målgruppe","Frederikshavn",3810
"Pr. indbygger, løbende priser (kr.)","I alt (netto)","5.58.81 Løntilskud m.v. til personer i fleksjob og personer i løntilskudsstillinger i målgruppe","Hjørring",4547
"Pr. indbygger, løbende priser (kr.)","I alt (netto)","5.58.81 Løntilskud m.v. til personer i fleksjob og personer i løntilskudsstillinger i målgruppe","Jammerbugt",3826
"Pr. indbygger, løbende priser (kr.)","I alt (netto)","5.58.81 Løntilskud m.v. til personer i fleksjob og personer i løntilskudsstillinger i målgruppe","Læsø",3141
"Pr. indbygger, løbende priser (kr.)","I alt (netto)","5.58.81 Løntilskud m.v. til personer i fleksjob og personer i løntilskudsstillinger i målgruppe","Mariagerfjord",3676
"Pr. indbygger, løbende priser (kr.)","I alt (netto)","5.58.81 Løntilskud m.v. til personer i fleksjob og personer i løntilskudsstillinger i målgruppe","Morsø",4939
"Pr. indbygger, løbende priser (kr.)","I alt (netto)","5.58.81 Løntilskud m.v. til personer i fleksjob og personer i løntilskudsstillinger i målgruppe","Rebild",2990
"Pr. indbygger, løbende priser (kr.)","I alt (netto)","5.58.81 Løntilskud m.v. til personer i fleksjob og personer i løntilskudsstillinger i målgruppe","Thisted",4446
"Pr. indbygger, løbende priser (kr.)","I alt (netto)","5.58.81 Løntilskud m.v. til personer i fleksjob og personer i løntilskudsstillinger i målgruppe","Vesthimmerlands",3431
"Pr. indbygger, løbende priser (kr.)","I alt (netto)","5.58.81 Løntilskud m.v. til personer i fleksjob og personer i løntilskudsstillinger i målgruppe","Aalborg",2506
"Pr. indbygger, løbende priser (kr.)","I alt (netto)","5.68.90 Driftsudgifter til den kommunale beskæftigelsesindsats","Hele landet",740
"Pr. indbygger, løbende priser (kr.)","I alt (netto)","5.68.90 Driftsudgifter til den kommunale beskæftigelsesindsats","København",857
"Pr. indbygger, løbende priser (kr.)","I alt (netto)","5.68.90 Driftsudgifter til den kommunale beskæftigelsesindsats","Frederiksberg",1089
"Pr. indbygger, løbende priser (kr.)","I alt (netto)","5.68.90 Driftsudgifter til den kommunale beskæftigelsesindsats","Dragør",348
"Pr. indbygger, løbende priser (kr.)","I alt (netto)","5.68.90 Driftsudgifter til den kommunale beskæftigelsesindsats","Tårnby",668
"Pr. indbygger, løbende priser (kr.)","I alt (netto)","5.68.90 Driftsudgifter til den kommunale beskæftigelsesindsats","Albertslund",871
"Pr. indbygger, løbende priser (kr.)","I alt (netto)","5.68.90 Driftsudgifter til den kommunale beskæftigelsesindsats","Ballerup",762
"Pr. indbygger, løbende priser (kr.)","I alt (netto)","5.68.90 Driftsudgifter til den kommunale beskæftigelsesindsats","Brøndby",2704
"Pr. indbygger, løbende priser (kr.)","I alt (netto)","5.68.90 Driftsudgifter til den kommunale beskæftigelsesindsats","Gentofte",425
"Pr. indbygger, løbende priser (kr.)","I alt (netto)","5.68.90 Driftsudgifter til den kommunale beskæftigelsesindsats","Gladsaxe",584
"Pr. indbygger, løbende priser (kr.)","I alt (netto)","5.68.90 Driftsudgifter til den kommunale beskæftigelsesindsats","Glostrup",1127
"Pr. indbygger, løbende priser (kr.)","I alt (netto)","5.68.90 Driftsudgifter til den kommunale beskæftigelsesindsats","Herlev",424
"Pr. indbygger, løbende priser (kr.)","I alt (netto)","5.68.90 Driftsudgifter til den kommunale beskæftigelsesindsats","Hvidovre",1209
"Pr. indbygger, løbende priser (kr.)","I alt (netto)","5.68.90 Driftsudgifter til den kommunale beskæftigelsesindsats","Høje-Taastrup",911
"Pr. indbygger, løbende priser (kr.)","I alt (netto)","5.68.90 Driftsudgifter til den kommunale beskæftigelsesindsats","Ishøj",1428
"Pr. indbygger, løbende priser (kr.)","I alt (netto)","5.68.90 Driftsudgifter til den kommunale beskæftigelsesindsats","Lyngby-Taarbæk",460
"Pr. indbygger, løbende priser (kr.)","I alt (netto)","5.68.90 Driftsudgifter til den kommunale beskæftigelsesindsats","Rødovre",1138
"Pr. indbygger, løbende priser (kr.)","I alt (netto)","5.68.90 Driftsudgifter til den kommunale beskæftigelsesindsats","Vallensbæk",310
"Pr. indbygger, løbende priser (kr.)","I alt (netto)","5.68.90 Driftsudgifter til den kommunale beskæftigelsesindsats","Allerød",267
"Pr. indbygger, løbende priser (kr.)","I alt (netto)","5.68.90 Driftsudgifter til den kommunale beskæftigelsesindsats","Egedal",568
"Pr. indbygger, løbende priser (kr.)","I alt (netto)","5.68.90 Driftsudgifter til den kommunale beskæftigelsesindsats","Fredensborg",436
"Pr. indbygger, løbende priser (kr.)","I alt (netto)","5.68.90 Driftsudgifter til den kommunale beskæftigelsesindsats","Frederikssund",454
"Pr. indbygger, løbende priser (kr.)","I alt (netto)","5.68.90 Driftsudgifter til den kommunale beskæftigelsesindsats","Furesø",561
"Pr. indbygger, løbende priser (kr.)","I alt (netto)","5.68.90 Driftsudgifter til den kommunale beskæftigelsesindsats","Gribskov",442
"Pr. indbygger, løbende priser (kr.)","I alt (netto)","5.68.90 Driftsudgifter til den kommunale beskæftigelsesindsats","Halsnæs",511
"Pr. indbygger, løbende priser (kr.)","I alt (netto)","5.68.90 Driftsudgifter til den kommunale beskæftigelsesindsats","Helsingør",443
"Pr. indbygger, løbende priser (kr.)","I alt (netto)","5.68.90 Driftsudgifter til den kommunale beskæftigelsesindsats","Hillerød",499
"Pr. indbygger, løbende priser (kr.)","I alt (netto)","5.68.90 Driftsudgifter til den kommunale beskæftigelsesindsats","Hørsholm",383
"Pr. indbygger, løbende priser (kr.)","I alt (netto)","5.68.90 Driftsudgifter til den kommunale beskæftigelsesindsats","Rudersdal",379
"Pr. indbygger, løbende priser (kr.)","I alt (netto)","5.68.90 Driftsudgifter til den kommunale beskæftigelsesindsats","Bornholm",1054
"Pr. indbygger, løbende priser (kr.)","I alt (netto)","5.68.90 Driftsudgifter til den kommunale beskæftigelsesindsats","Greve",669
"Pr. indbygger, løbende priser (kr.)","I alt (netto)","5.68.90 Driftsudgifter til den kommunale beskæftigelsesindsats","Køge",474
"Pr. indbygger, løbende priser (kr.)","I alt (netto)","5.68.90 Driftsudgifter til den kommunale beskæftigelsesindsats","Lejre",298
"Pr. indbygger, løbende priser (kr.)","I alt (netto)","5.68.90 Driftsudgifter til den kommunale beskæftigelsesindsats","Roskilde",810
"Pr. indbygger, løbende priser (kr.)","I alt (netto)","5.68.90 Driftsudgifter til den kommunale beskæftigelsesindsats","Solrød",597
"Pr. indbygger, løbende priser (kr.)","I alt (netto)","5.68.90 Driftsudgifter til den kommunale beskæftigelsesindsats","Faxe",726
"Pr. indbygger, løbende priser (kr.)","I alt (netto)","5.68.90 Driftsudgifter til den kommunale beskæftigelsesindsats","Guldborgsund",647
"Pr. indbygger, løbende priser (kr.)","I alt (netto)","5.68.90 Driftsudgifter til den kommunale beskæftigelsesindsats","Holbæk",759
"Pr. indbygger, løbende priser (kr.)","I alt (netto)","5.68.90 Driftsudgifter til den kommunale beskæftigelsesindsats","Kalundborg",1082
"Pr. indbygger, løbende priser (kr.)","I alt (netto)","5.68.90 Driftsudgifter til den kommunale beskæftigelsesindsats","Lolland",1183
"Pr. indbygger, løbende priser (kr.)","I alt (netto)","5.68.90 Driftsudgifter til den kommunale beskæftigelsesindsats","Næstved",667
"Pr. indbygger, løbende priser (kr.)","I alt (netto)","5.68.90 Driftsudgifter til den kommunale beskæftigelsesindsats","Odsherred",732
"Pr. indbygger, løbende priser (kr.)","I alt (netto)","5.68.90 Driftsudgifter til den kommunale beskæftigelsesindsats","Ringsted",658
"Pr. indbygger, løbende priser (kr.)","I alt (netto)","5.68.90 Driftsudgifter til den kommunale beskæftigelsesindsats","Slagelse",1293
"Pr. indbygger, løbende priser (kr.)","I alt (netto)","5.68.90 Driftsudgifter til den kommunale beskæftigelsesindsats","Sorø",623
"Pr. indbygger, løbende priser (kr.)","I alt (netto)","5.68.90 Driftsudgifter til den kommunale beskæftigelsesindsats","Stevns",508
"Pr. indbygger, løbende priser (kr.)","I alt (netto)","5.68.90 Driftsudgifter til den kommunale beskæftigelsesindsats","Vordingborg",1172
"Pr. indbygger, løbende priser (kr.)","I alt (netto)","5.68.90 Driftsudgifter til den kommunale beskæftigelsesindsats","Assens",639
"Pr. indbygger, løbende priser (kr.)","I alt (netto)","5.68.90 Driftsudgifter til den kommunale beskæftigelsesindsats","Faaborg-Midtfyn",663
"Pr. indbygger, løbende priser (kr.)","I alt (netto)","5.68.90 Driftsudgifter til den kommunale beskæftigelsesindsats","Kerteminde",452
"Pr. indbygger, løbende priser (kr.)","I alt (netto)","5.68.90 Driftsudgifter til den kommunale beskæftigelsesindsats","Langeland",510
"Pr. indbygger, løbende priser (kr.)","I alt (netto)","5.68.90 Driftsudgifter til den kommunale beskæftigelsesindsats","Middelfart",316
"Pr. indbygger, løbende priser (kr.)","I alt (netto)","5.68.90 Driftsudgifter til den kommunale beskæftigelsesindsats","Nordfyns",404
"Pr. indbygger, løbende priser (kr.)","I alt (netto)","5.68.90 Driftsudgifter til den kommunale beskæftigelsesindsats","Nyborg",125
"Pr. indbygger, løbende priser (kr.)","I alt (netto)","5.68.90 Driftsudgifter til den kommunale beskæftigelsesindsats","Odense",725
"Pr. indbygger, løbende priser (kr.)","I alt (netto)","5.68.90 Driftsudgifter til den kommunale beskæftigelsesindsats","Svendborg",539
"Pr. indbygger, løbende priser (kr.)","I alt (netto)","5.68.90 Driftsudgifter til den kommunale beskæftigelsesindsats","Ærø",227
"Pr. indbygger, løbende priser (kr.)","I alt (netto)","5.68.90 Driftsudgifter til den kommunale beskæftigelsesindsats","Billund",880
"Pr. indbygger, løbende priser (kr.)","I alt (netto)","5.68.90 Driftsudgifter til den kommunale beskæftigelsesindsats","Esbjerg",794
"Pr. indbygger, løbende priser (kr.)","I alt (netto)","5.68.90 Driftsudgifter til den kommunale beskæftigelsesindsats","Fanø",164
"Pr. indbygger, løbende priser (kr.)","I alt (netto)","5.68.90 Driftsudgifter til den kommunale beskæftigelsesindsats","Fredericia",578
"Pr. indbygger, løbende priser (kr.)","I alt (netto)","5.68.90 Driftsudgifter til den kommunale beskæftigelsesindsats","Haderslev",425
"Pr. indbygger, løbende priser (kr.)","I alt (netto)","5.68.90 Driftsudgifter til den kommunale beskæftigelsesindsats","Kolding",648
"Pr. indbygger, løbende priser (kr.)","I alt (netto)","5.68.90 Driftsudgifter til den kommunale beskæftigelsesindsats","Sønderborg",689
"Pr. indbygger, løbende priser (kr.)","I alt (netto)","5.68.90 Driftsudgifter til den kommunale beskæftigelsesindsats","Tønder",893
"Pr. indbygger, løbende priser (kr.)","I alt (netto)","5.68.90 Driftsudgifter til den kommunale beskæftigelsesindsats","Varde",819
"Pr. indbygger, løbende priser (kr.)","I alt (netto)","5.68.90 Driftsudgifter til den kommunale beskæftigelsesindsats","Vejen",799
"Pr. indbygger, løbende priser (kr.)","I alt (netto)","5.68.90 Driftsudgifter til den kommunale beskæftigelsesindsats","Vejle",834
"Pr. indbygger, løbende priser (kr.)","I alt (netto)","5.68.90 Driftsudgifter til den kommunale beskæftigelsesindsats","Aabenraa",476
"Pr. indbygger, løbende priser (kr.)","I alt (netto)","5.68.90 Driftsudgifter til den kommunale beskæftigelsesindsats","Favrskov",878
"Pr. indbygger, løbende priser (kr.)","I alt (netto)","5.68.90 Driftsudgifter til den kommunale beskæftigelsesindsats","Hedensted",733
"Pr. indbygger, løbende priser (kr.)","I alt (netto)","5.68.90 Driftsudgifter til den kommunale beskæftigelsesindsats","Horsens",861
"Pr. indbygger, løbende priser (kr.)","I alt (netto)","5.68.90 Driftsudgifter til den kommunale beskæftigelsesindsats","Norddjurs",759
"Pr. indbygger, løbende priser (kr.)","I alt (netto)","5.68.90 Driftsudgifter til den kommunale beskæftigelsesindsats","Odder",686
"Pr. indbygger, løbende priser (kr.)","I alt (netto)","5.68.90 Driftsudgifter til den kommunale beskæftigelsesindsats","Randers",770
"Pr. indbygger, løbende priser (kr.)","I alt (netto)","5.68.90 Driftsudgifter til den kommunale beskæftigelsesindsats","Samsø",141
"Pr. indbygger, løbende priser (kr.)","I alt (netto)","5.68.90 Driftsudgifter til den kommunale beskæftigelsesindsats","Silkeborg",638
"Pr. indbygger, løbende priser (kr.)","I alt (netto)","5.68.90 Driftsudgifter til den kommunale beskæftigelsesindsats","Skanderborg",713
"Pr. indbygger, løbende priser (kr.)","I alt (netto)","5.68.90 Driftsudgifter til den kommunale beskæftigelsesindsats","Syddjurs",570
"Pr. indbygger, løbende priser (kr.)","I alt (netto)","5.68.90 Driftsudgifter til den kommunale beskæftigelsesindsats","Aarhus",597
"Pr. indbygger, løbende priser (kr.)","I alt (netto)","5.68.90 Driftsudgifter til den kommunale beskæftigelsesindsats","Herning",1094
"Pr. indbygger, løbende priser (kr.)","I alt (netto)","5.68.90 Driftsudgifter til den kommunale beskæftigelsesindsats","Holstebro",1041
"Pr. indbygger, løbende priser (kr.)","I alt (netto)","5.68.90 Driftsudgifter til den kommunale beskæftigelsesindsats","Ikast-Brande",556
"Pr. indbygger, løbende priser (kr.)","I alt (netto)","5.68.90 Driftsudgifter til den kommunale beskæftigelsesindsats","Lemvig",664
"Pr. indbygger, løbende priser (kr.)","I alt (netto)","5.68.90 Driftsudgifter til den kommunale beskæftigelsesindsats","Ringkøbing-Skjern",836
"Pr. indbygger, løbende priser (kr.)","I alt (netto)","5.68.90 Driftsudgifter til den kommunale beskæftigelsesindsats","Skive",868
"Pr. indbygger, løbende priser (kr.)","I alt (netto)","5.68.90 Driftsudgifter til den kommunale beskæftigelsesindsats","Struer",513
"Pr. indbygger, løbende priser (kr.)","I alt (netto)","5.68.90 Driftsudgifter til den kommunale beskæftigelsesindsats","Viborg",858
"Pr. indbygger, løbende priser (kr.)","I alt (netto)","5.68.90 Driftsudgifter til den kommunale beskæftigelsesindsats","Brønderslev",870
"Pr. indbygger, løbende priser (kr.)","I alt (netto)","5.68.90 Driftsudgifter til den kommunale beskæftigelsesindsats","Frederikshavn",632
"Pr. indbygger, løbende priser (kr.)","I alt (netto)","5.68.90 Driftsudgifter til den kommunale beskæftigelsesindsats","Hjørring",887
"Pr. indbygger, løbende priser (kr.)","I alt (netto)","5.68.90 Driftsudgifter til den kommunale beskæftigelsesindsats","Jammerbugt",590
"Pr. indbygger, løbende priser (kr.)","I alt (netto)","5.68.90 Driftsudgifter til den kommunale beskæftigelsesindsats","Læsø",377
"Pr. indbygger, løbende priser (kr.)","I alt (netto)","5.68.90 Driftsudgifter til den kommunale beskæftigelsesindsats","Mariagerfjord",695
"Pr. indbygger, løbende priser (kr.)","I alt (netto)","5.68.90 Driftsudgifter til den kommunale beskæftigelsesindsats","Morsø",881
"Pr. indbygger, løbende priser (kr.)","I alt (netto)","5.68.90 Driftsudgifter til den kommunale beskæftigelsesindsats","Rebild",495
"Pr. indbygger, løbende priser (kr.)","I alt (netto)","5.68.90 Driftsudgifter til den kommunale beskæftigelsesindsats","Thisted",436
"Pr. indbygger, løbende priser (kr.)","I alt (netto)","5.68.90 Driftsudgifter til den kommunale beskæftigelsesindsats","Vesthimmerlands",866
"Pr. indbygger, løbende priser (kr.)","I alt (netto)","5.68.90 Driftsudgifter til den kommunale beskæftigelsesindsats","Aalborg",744
"Pr. indbygger, løbende priser (kr.)","I alt (netto)","6.42.41 Kommunalbestyrelsesmedlemmer","Hele landet",155
"Pr. indbygger, løbende priser (kr.)","I alt (netto)","6.42.41 Kommunalbestyrelsesmedlemmer","København",48
"Pr. indbygger, løbende priser (kr.)","I alt (netto)","6.42.41 Kommunalbestyrelsesmedlemmer","Frederiksberg",106
"Pr. indbygger, løbende priser (kr.)","I alt (netto)","6.42.41 Kommunalbestyrelsesmedlemmer","Dragør",284
"Pr. indbygger, løbende priser (kr.)","I alt (netto)","6.42.41 Kommunalbestyrelsesmedlemmer","Tårnby",166
"Pr. indbygger, løbende priser (kr.)","I alt (netto)","6.42.41 Kommunalbestyrelsesmedlemmer","Albertslund",242
"Pr. indbygger, løbende priser (kr.)","I alt (netto)","6.42.41 Kommunalbestyrelsesmedlemmer","Ballerup",186
"Pr. indbygger, løbende priser (kr.)","I alt (netto)","6.42.41 Kommunalbestyrelsesmedlemmer","Brøndby",175
"Pr. indbygger, løbende priser (kr.)","I alt (netto)","6.42.41 Kommunalbestyrelsesmedlemmer","Gentofte",92
"Pr. indbygger, løbende priser (kr.)","I alt (netto)","6.42.41 Kommunalbestyrelsesmedlemmer","Gladsaxe",147
"Pr. indbygger, løbende priser (kr.)","I alt (netto)","6.42.41 Kommunalbestyrelsesmedlemmer","Glostrup",242
"Pr. indbygger, løbende priser (kr.)","I alt (netto)","6.42.41 Kommunalbestyrelsesmedlemmer","Herlev",162
"Pr. indbygger, løbende priser (kr.)","I alt (netto)","6.42.41 Kommunalbestyrelsesmedlemmer","Hvidovre",156
"Pr. indbygger, løbende priser (kr.)","I alt (netto)","6.42.41 Kommunalbestyrelsesmedlemmer","Høje-Taastrup",151
"Pr. indbygger, løbende priser (kr.)","I alt (netto)","6.42.41 Kommunalbestyrelsesmedlemmer","Ishøj",273
"Pr. indbygger, løbende priser (kr.)","I alt (netto)","6.42.41 Kommunalbestyrelsesmedlemmer","Lyngby-Taarbæk",137
"Pr. indbygger, løbende priser (kr.)","I alt (netto)","6.42.41 Kommunalbestyrelsesmedlemmer","Rødovre",212
"Pr. indbygger, løbende priser (kr.)","I alt (netto)","6.42.41 Kommunalbestyrelsesmedlemmer","Vallensbæk",254
"Pr. indbygger, løbende priser (kr.)","I alt (netto)","6.42.41 Kommunalbestyrelsesmedlemmer","Allerød",225
"Pr. indbygger, løbende priser (kr.)","I alt (netto)","6.42.41 Kommunalbestyrelsesmedlemmer","Egedal",237
"Pr. indbygger, løbende priser (kr.)","I alt (netto)","6.42.41 Kommunalbestyrelsesmedlemmer","Fredensborg",228
"Pr. indbygger, løbende priser (kr.)","I alt (netto)","6.42.41 Kommunalbestyrelsesmedlemmer","Frederikssund",173
"Pr. indbygger, løbende priser (kr.)","I alt (netto)","6.42.41 Kommunalbestyrelsesmedlemmer","Furesø",173
"Pr. indbygger, løbende priser (kr.)","I alt (netto)","6.42.41 Kommunalbestyrelsesmedlemmer","Gribskov",229
"Pr. indbygger, løbende priser (kr.)","I alt (netto)","6.42.41 Kommunalbestyrelsesmedlemmer","Halsnæs",273
"Pr. indbygger, løbende priser (kr.)","I alt (netto)","6.42.41 Kommunalbestyrelsesmedlemmer","Helsingør",140
"Pr. indbygger, løbende priser (kr.)","I alt (netto)","6.42.41 Kommunalbestyrelsesmedlemmer","Hillerød",142
"Pr. indbygger, løbende priser (kr.)","I alt (netto)","6.42.41 Kommunalbestyrelsesmedlemmer","Hørsholm",253
"Pr. indbygger, løbende priser (kr.)","I alt (netto)","6.42.41 Kommunalbestyrelsesmedlemmer","Rudersdal",159
"Pr. indbygger, løbende priser (kr.)","I alt (netto)","6.42.41 Kommunalbestyrelsesmedlemmer","Bornholm",156
"Pr. indbygger, løbende priser (kr.)","I alt (netto)","6.42.41 Kommunalbestyrelsesmedlemmer","Greve",158
"Pr. indbygger, løbende priser (kr.)","I alt (netto)","6.42.41 Kommunalbestyrelsesmedlemmer","Køge",148
"Pr. indbygger, løbende priser (kr.)","I alt (netto)","6.42.41 Kommunalbestyrelsesmedlemmer","Lejre",243
"Pr. indbygger, løbende priser (kr.)","I alt (netto)","6.42.41 Kommunalbestyrelsesmedlemmer","Roskilde",141
"Pr. indbygger, løbende priser (kr.)","I alt (netto)","6.42.41 Kommunalbestyrelsesmedlemmer","Solrød",232
"Pr. indbygger, løbende priser (kr.)","I alt (netto)","6.42.41 Kommunalbestyrelsesmedlemmer","Faxe",230
"Pr. indbygger, løbende priser (kr.)","I alt (netto)","6.42.41 Kommunalbestyrelsesmedlemmer","Guldborgsund",196
"Pr. indbygger, løbende priser (kr.)","I alt (netto)","6.42.41 Kommunalbestyrelsesmedlemmer","Holbæk",134
"Pr. indbygger, løbende priser (kr.)","I alt (netto)","6.42.41 Kommunalbestyrelsesmedlemmer","Kalundborg",240
"Pr. indbygger, løbende priser (kr.)","I alt (netto)","6.42.41 Kommunalbestyrelsesmedlemmer","Lolland",226
"Pr. indbygger, løbende priser (kr.)","I alt (netto)","6.42.41 Kommunalbestyrelsesmedlemmer","Næstved",121
"Pr. indbygger, løbende priser (kr.)","I alt (netto)","6.42.41 Kommunalbestyrelsesmedlemmer","Odsherred",237
"Pr. indbygger, løbende priser (kr.)","I alt (netto)","6.42.41 Kommunalbestyrelsesmedlemmer","Ringsted",198
"Pr. indbygger, løbende priser (kr.)","I alt (netto)","6.42.41 Kommunalbestyrelsesmedlemmer","Slagelse",147
"Pr. indbygger, løbende priser (kr.)","I alt (netto)","6.42.41 Kommunalbestyrelsesmedlemmer","Sorø",212
"Pr. indbygger, løbende priser (kr.)","I alt (netto)","6.42.41 Kommunalbestyrelsesmedlemmer","Stevns",280
"Pr. indbygger, løbende priser (kr.)","I alt (netto)","6.42.41 Kommunalbestyrelsesmedlemmer","Vordingborg",233
"Pr. indbygger, løbende priser (kr.)","I alt (netto)","6.42.41 Kommunalbestyrelsesmedlemmer","Assens",258
"Pr. indbygger, løbende priser (kr.)","I alt (netto)","6.42.41 Kommunalbestyrelsesmedlemmer","Faaborg-Midtfyn",168
"Pr. indbygger, løbende priser (kr.)","I alt (netto)","6.42.41 Kommunalbestyrelsesmedlemmer","Kerteminde",314
"Pr. indbygger, løbende priser (kr.)","I alt (netto)","6.42.41 Kommunalbestyrelsesmedlemmer","Langeland",328
"Pr. indbygger, løbende priser (kr.)","I alt (netto)","6.42.41 Kommunalbestyrelsesmedlemmer","Middelfart",216
"Pr. indbygger, løbende priser (kr.)","I alt (netto)","6.42.41 Kommunalbestyrelsesmedlemmer","Nordfyns",319
"Pr. indbygger, løbende priser (kr.)","I alt (netto)","6.42.41 Kommunalbestyrelsesmedlemmer","Nyborg",224
"Pr. indbygger, løbende priser (kr.)","I alt (netto)","6.42.41 Kommunalbestyrelsesmedlemmer","Odense",74
"Pr. indbygger, løbende priser (kr.)","I alt (netto)","6.42.41 Kommunalbestyrelsesmedlemmer","Svendborg",145
"Pr. indbygger, løbende priser (kr.)","I alt (netto)","6.42.41 Kommunalbestyrelsesmedlemmer","Ærø",619
"Pr. indbygger, løbende priser (kr.)","I alt (netto)","6.42.41 Kommunalbestyrelsesmedlemmer","Billund",407
"Pr. indbygger, løbende priser (kr.)","I alt (netto)","6.42.41 Kommunalbestyrelsesmedlemmer","Esbjerg",114
"Pr. indbygger, løbende priser (kr.)","I alt (netto)","6.42.41 Kommunalbestyrelsesmedlemmer","Fanø",921
"Pr. indbygger, løbende priser (kr.)","I alt (netto)","6.42.41 Kommunalbestyrelsesmedlemmer","Fredericia",174
"Pr. indbygger, løbende priser (kr.)","I alt (netto)","6.42.41 Kommunalbestyrelsesmedlemmer","Haderslev",195
"Pr. indbygger, løbende priser (kr.)","I alt (netto)","6.42.41 Kommunalbestyrelsesmedlemmer","Kolding",119
"Pr. indbygger, løbende priser (kr.)","I alt (netto)","6.42.41 Kommunalbestyrelsesmedlemmer","Sønderborg",164
"Pr. indbygger, løbende priser (kr.)","I alt (netto)","6.42.41 Kommunalbestyrelsesmedlemmer","Tønder",341
"Pr. indbygger, løbende priser (kr.)","I alt (netto)","6.42.41 Kommunalbestyrelsesmedlemmer","Varde",215
"Pr. indbygger, løbende priser (kr.)","I alt (netto)","6.42.41 Kommunalbestyrelsesmedlemmer","Vejen",239
"Pr. indbygger, løbende priser (kr.)","I alt (netto)","6.42.41 Kommunalbestyrelsesmedlemmer","Vejle",112
"Pr. indbygger, løbende priser (kr.)","I alt (netto)","6.42.41 Kommunalbestyrelsesmedlemmer","Aabenraa",174
"Pr. indbygger, løbende priser (kr.)","I alt (netto)","6.42.41 Kommunalbestyrelsesmedlemmer","Favrskov",177
"Pr. indbygger, løbende priser (kr.)","I alt (netto)","6.42.41 Kommunalbestyrelsesmedlemmer","Hedensted",207
"Pr. indbygger, løbende priser (kr.)","I alt (netto)","6.42.41 Kommunalbestyrelsesmedlemmer","Horsens",118
"Pr. indbygger, løbende priser (kr.)","I alt (netto)","6.42.41 Kommunalbestyrelsesmedlemmer","Norddjurs",258
"Pr. indbygger, løbende priser (kr.)","I alt (netto)","6.42.41 Kommunalbestyrelsesmedlemmer","Odder",263
"Pr. indbygger, løbende priser (kr.)","I alt (netto)","6.42.41 Kommunalbestyrelsesmedlemmer","Randers",151
"Pr. indbygger, løbende priser (kr.)","I alt (netto)","6.42.41 Kommunalbestyrelsesmedlemmer","Samsø",680
"Pr. indbygger, løbende priser (kr.)","I alt (netto)","6.42.41 Kommunalbestyrelsesmedlemmer","Silkeborg",129
"Pr. indbygger, løbende priser (kr.)","I alt (netto)","6.42.41 Kommunalbestyrelsesmedlemmer","Skanderborg",152
"Pr. indbygger, løbende priser (kr.)","I alt (netto)","6.42.41 Kommunalbestyrelsesmedlemmer","Syddjurs",213
"Pr. indbygger, løbende priser (kr.)","I alt (netto)","6.42.41 Kommunalbestyrelsesmedlemmer","Aarhus",48
"Pr. indbygger, løbende priser (kr.)","I alt (netto)","6.42.41 Kommunalbestyrelsesmedlemmer","Herning",141
"Pr. indbygger, løbende priser (kr.)","I alt (netto)","6.42.41 Kommunalbestyrelsesmedlemmer","Holstebro",245
"Pr. indbygger, løbende priser (kr.)","I alt (netto)","6.42.41 Kommunalbestyrelsesmedlemmer","Ikast-Brande",256
"Pr. indbygger, løbende priser (kr.)","I alt (netto)","6.42.41 Kommunalbestyrelsesmedlemmer","Lemvig",399
"Pr. indbygger, løbende priser (kr.)","I alt (netto)","6.42.41 Kommunalbestyrelsesmedlemmer","Ringkøbing-Skjern",168
"Pr. indbygger, løbende priser (kr.)","I alt (netto)","6.42.41 Kommunalbestyrelsesmedlemmer","Skive",231
"Pr. indbygger, løbende priser (kr.)","I alt (netto)","6.42.41 Kommunalbestyrelsesmedlemmer","Struer",382
"Pr. indbygger, løbende priser (kr.)","I alt (netto)","6.42.41 Kommunalbestyrelsesmedlemmer","Viborg",206
"Pr. indbygger, løbende priser (kr.)","I alt (netto)","6.42.41 Kommunalbestyrelsesmedlemmer","Brønderslev",214
"Pr. indbygger, løbende priser (kr.)","I alt (netto)","6.42.41 Kommunalbestyrelsesmedlemmer","Frederikshavn",156
"Pr. indbygger, løbende priser (kr.)","I alt (netto)","6.42.41 Kommunalbestyrelsesmedlemmer","Hjørring",156
"Pr. indbygger, løbende priser (kr.)","I alt (netto)","6.42.41 Kommunalbestyrelsesmedlemmer","Jammerbugt",241
"Pr. indbygger, løbende priser (kr.)","I alt (netto)","6.42.41 Kommunalbestyrelsesmedlemmer","Læsø",1545
"Pr. indbygger, løbende priser (kr.)","I alt (netto)","6.42.41 Kommunalbestyrelsesmedlemmer","Mariagerfjord",260
"Pr. indbygger, løbende priser (kr.)","I alt (netto)","6.42.41 Kommunalbestyrelsesmedlemmer","Morsø",273
"Pr. indbygger, løbende priser (kr.)","I alt (netto)","6.42.41 Kommunalbestyrelsesmedlemmer","Rebild",201
"Pr. indbygger, løbende priser (kr.)","I alt (netto)","6.42.41 Kommunalbestyrelsesmedlemmer","Thisted",208
"Pr. indbygger, løbende priser (kr.)","I alt (netto)","6.42.41 Kommunalbestyrelsesmedlemmer","Vesthimmerlands",286
"Pr. indbygger, løbende priser (kr.)","I alt (netto)","6.42.41 Kommunalbestyrelsesmedlemmer","Aalborg",81
"Pr. indbygger, løbende priser (kr.)","I alt (netto)","6.45.51 Sekretariat og forvaltninger","Hele landet",2965
"Pr. indbygger, løbende priser (kr.)","I alt (netto)","6.45.51 Sekretariat og forvaltninger","København",3430
"Pr. indbygger, løbende priser (kr.)","I alt (netto)","6.45.51 Sekretariat og forvaltninger","Frederiksberg",3267
"Pr. indbygger, løbende priser (kr.)","I alt (netto)","6.45.51 Sekretariat og forvaltninger","Dragør",4268
"Pr. indbygger, løbende priser (kr.)","I alt (netto)","6.45.51 Sekretariat og forvaltninger","Tårnby",3166
"Pr. indbygger, løbende priser (kr.)","I alt (netto)","6.45.51 Sekretariat og forvaltninger","Albertslund",5023
"Pr. indbygger, løbende priser (kr.)","I alt (netto)","6.45.51 Sekretariat og forvaltninger","Ballerup",3898
"Pr. indbygger, løbende priser (kr.)","I alt (netto)","6.45.51 Sekretariat og forvaltninger","Brøndby",4451
"Pr. indbygger, løbende priser (kr.)","I alt (netto)","6.45.51 Sekretariat og forvaltninger","Gentofte",2943
"Pr. indbygger, løbende priser (kr.)","I alt (netto)","6.45.51 Sekretariat og forvaltninger","Gladsaxe",3981
"Pr. indbygger, løbende priser (kr.)","I alt (netto)","6.45.51 Sekretariat og forvaltninger","Glostrup",2871
"Pr. indbygger, løbende priser (kr.)","I alt (netto)","6.45.51 Sekretariat og forvaltninger","Herlev",3382
"Pr. indbygger, løbende priser (kr.)","I alt (netto)","6.45.51 Sekretariat og forvaltninger","Hvidovre",3259
"Pr. indbygger, løbende priser (kr.)","I alt (netto)","6.45.51 Sekretariat og forvaltninger","Høje-Taastrup",3058
"Pr. indbygger, løbende priser (kr.)","I alt (netto)","6.45.51 Sekretariat og forvaltninger","Ishøj",6061
"Pr. indbygger, løbende priser (kr.)","I alt (netto)","6.45.51 Sekretariat og forvaltninger","Lyngby-Taarbæk",3326
"Pr. indbygger, løbende priser (kr.)","I alt (netto)","6.45.51 Sekretariat og forvaltninger","Rødovre",3220
"Pr. indbygger, løbende priser (kr.)","I alt (netto)","6.45.51 Sekretariat og forvaltninger","Vallensbæk",3880
"Pr. indbygger, løbende priser (kr.)","I alt (netto)","6.45.51 Sekretariat og forvaltninger","Allerød",2541
"Pr. indbygger, løbende priser (kr.)","I alt (netto)","6.45.51 Sekretariat og forvaltninger","Egedal",3896
"Pr. indbygger, løbende priser (kr.)","I alt (netto)","6.45.51 Sekretariat og forvaltninger","Fredensborg",3583
"Pr. indbygger, løbende priser (kr.)","I alt (netto)","6.45.51 Sekretariat og forvaltninger","Frederikssund",2732
"Pr. indbygger, løbende priser (kr.)","I alt (netto)","6.45.51 Sekretariat og forvaltninger","Furesø",2270
"Pr. indbygger, løbende priser (kr.)","I alt (netto)","6.45.51 Sekretariat og forvaltninger","Gribskov",3970
"Pr. indbygger, løbende priser (kr.)","I alt (netto)","6.45.51 Sekretariat og forvaltninger","Halsnæs",3994
"Pr. indbygger, løbende priser (kr.)","I alt (netto)","6.45.51 Sekretariat og forvaltninger","Helsingør",2682
"Pr. indbygger, løbende priser (kr.)","I alt (netto)","6.45.51 Sekretariat og forvaltninger","Hillerød",2608
"Pr. indbygger, løbende priser (kr.)","I alt (netto)","6.45.51 Sekretariat og forvaltninger","Hørsholm",2889
"Pr. indbygger, løbende priser (kr.)","I alt (netto)","6.45.51 Sekretariat og forvaltninger","Rudersdal",3379
"Pr. indbygger, løbende priser (kr.)","I alt (netto)","6.45.51 Sekretariat og forvaltninger","Bornholm",3070
"Pr. indbygger, løbende priser (kr.)","I alt (netto)","6.45.51 Sekretariat og forvaltninger","Greve",3290
"Pr. indbygger, løbende priser (kr.)","I alt (netto)","6.45.51 Sekretariat og forvaltninger","Køge",2993
"Pr. indbygger, løbende priser (kr.)","I alt (netto)","6.45.51 Sekretariat og forvaltninger","Lejre",3356
"Pr. indbygger, løbende priser (kr.)","I alt (netto)","6.45.51 Sekretariat og forvaltninger","Roskilde",2746
"Pr. indbygger, løbende priser (kr.)","I alt (netto)","6.45.51 Sekretariat og forvaltninger","Solrød",3933
"Pr. indbygger, løbende priser (kr.)","I alt (netto)","6.45.51 Sekretariat og forvaltninger","Faxe",3042
"Pr. indbygger, løbende priser (kr.)","I alt (netto)","6.45.51 Sekretariat og forvaltninger","Guldborgsund",2811
"Pr. indbygger, løbende priser (kr.)","I alt (netto)","6.45.51 Sekretariat og forvaltninger","Holbæk",2897
"Pr. indbygger, løbende priser (kr.)","I alt (netto)","6.45.51 Sekretariat og forvaltninger","Kalundborg",2878
"Pr. indbygger, løbende priser (kr.)","I alt (netto)","6.45.51 Sekretariat og forvaltninger","Lolland",3209
"Pr. indbygger, løbende priser (kr.)","I alt (netto)","6.45.51 Sekretariat og forvaltninger","Næstved",1996
"Pr. indbygger, løbende priser (kr.)","I alt (netto)","6.45.51 Sekretariat og forvaltninger","Odsherred",3502
"Pr. indbygger, løbende priser (kr.)","I alt (netto)","6.45.51 Sekretariat og forvaltninger","Ringsted",2867
"Pr. indbygger, løbende priser (kr.)","I alt (netto)","6.45.51 Sekretariat og forvaltninger","Slagelse",2192
"Pr. indbygger, løbende priser (kr.)","I alt (netto)","6.45.51 Sekretariat og forvaltninger","Sorø",2948
"Pr. indbygger, løbende priser (kr.)","I alt (netto)","6.45.51 Sekretariat og forvaltninger","Stevns",2803
"Pr. indbygger, løbende priser (kr.)","I alt (netto)","6.45.51 Sekretariat og forvaltninger","Vordingborg",3063
"Pr. indbygger, løbende priser (kr.)","I alt (netto)","6.45.51 Sekretariat og forvaltninger","Assens",2888
"Pr. indbygger, løbende priser (kr.)","I alt (netto)","6.45.51 Sekretariat og forvaltninger","Faaborg-Midtfyn",3295
"Pr. indbygger, løbende priser (kr.)","I alt (netto)","6.45.51 Sekretariat og forvaltninger","Kerteminde",3065
"Pr. indbygger, løbende priser (kr.)","I alt (netto)","6.45.51 Sekretariat og forvaltninger","Langeland",4493
"Pr. indbygger, løbende priser (kr.)","I alt (netto)","6.45.51 Sekretariat og forvaltninger","Middelfart",2929
"Pr. indbygger, løbende priser (kr.)","I alt (netto)","6.45.51 Sekretariat og forvaltninger","Nordfyns",2583
"Pr. indbygger, løbende priser (kr.)","I alt (netto)","6.45.51 Sekretariat og forvaltninger","Nyborg",3296
"Pr. indbygger, løbende priser (kr.)","I alt (netto)","6.45.51 Sekretariat og forvaltninger","Odense",3050
"Pr. indbygger, løbende priser (kr.)","I alt (netto)","6.45.51 Sekretariat og forvaltninger","Svendborg",2947
"Pr. indbygger, løbende priser (kr.)","I alt (netto)","6.45.51 Sekretariat og forvaltninger","Ærø",6854
"Pr. indbygger, løbende priser (kr.)","I alt (netto)","6.45.51 Sekretariat og forvaltninger","Billund",2733
"Pr. indbygger, løbende priser (kr.)","I alt (netto)","6.45.51 Sekretariat og forvaltninger","Esbjerg",2125
"Pr. indbygger, løbende priser (kr.)","I alt (netto)","6.45.51 Sekretariat og forvaltninger","Fanø",7374
"Pr. indbygger, løbende priser (kr.)","I alt (netto)","6.45.51 Sekretariat og forvaltninger","Fredericia",3412
"Pr. indbygger, løbende priser (kr.)","I alt (netto)","6.45.51 Sekretariat og forvaltninger","Haderslev",3429
"Pr. indbygger, løbende priser (kr.)","I alt (netto)","6.45.51 Sekretariat og forvaltninger","Kolding",2646
"Pr. indbygger, løbende priser (kr.)","I alt (netto)","6.45.51 Sekretariat og forvaltninger","Sønderborg",3325
"Pr. indbygger, løbende priser (kr.)","I alt (netto)","6.45.51 Sekretariat og forvaltninger","Tønder",3625
"Pr. indbygger, løbende priser (kr.)","I alt (netto)","6.45.51 Sekretariat og forvaltninger","Varde",2648
"Pr. indbygger, løbende priser (kr.)","I alt (netto)","6.45.51 Sekretariat og forvaltninger","Vejen",2768
"Pr. indbygger, løbende priser (kr.)","I alt (netto)","6.45.51 Sekretariat og forvaltninger","Vejle",2290
"Pr. indbygger, løbende priser (kr.)","I alt (netto)","6.45.51 Sekretariat og forvaltninger","Aabenraa",2936
"Pr. indbygger, løbende priser (kr.)","I alt (netto)","6.45.51 Sekretariat og forvaltninger","Favrskov",2519
"Pr. indbygger, løbende priser (kr.)","I alt (netto)","6.45.51 Sekretariat og forvaltninger","Hedensted",2603
"Pr. indbygger, løbende priser (kr.)","I alt (netto)","6.45.51 Sekretariat og forvaltninger","Horsens",2369
"Pr. indbygger, løbende priser (kr.)","I alt (netto)","6.45.51 Sekretariat og forvaltninger","Norddjurs",2775
"Pr. indbygger, løbende priser (kr.)","I alt (netto)","6.45.51 Sekretariat og forvaltninger","Odder",2530
"Pr. indbygger, løbende priser (kr.)","I alt (netto)","6.45.51 Sekretariat og forvaltninger","Randers",1844
"Pr. indbygger, løbende priser (kr.)","I alt (netto)","6.45.51 Sekretariat og forvaltninger","Samsø",9690
"Pr. indbygger, løbende priser (kr.)","I alt (netto)","6.45.51 Sekretariat og forvaltninger","Silkeborg",2649
"Pr. indbygger, løbende priser (kr.)","I alt (netto)","6.45.51 Sekretariat og forvaltninger","Skanderborg",2199
"Pr. indbygger, løbende priser (kr.)","I alt (netto)","6.45.51 Sekretariat og forvaltninger","Syddjurs",2667
"Pr. indbygger, løbende priser (kr.)","I alt (netto)","6.45.51 Sekretariat og forvaltninger","Aarhus",2961
"Pr. indbygger, løbende priser (kr.)","I alt (netto)","6.45.51 Sekretariat og forvaltninger","Herning",2134
"Pr. indbygger, løbende priser (kr.)","I alt (netto)","6.45.51 Sekretariat og forvaltninger","Holstebro",2508
"Pr. indbygger, løbende priser (kr.)","I alt (netto)","6.45.51 Sekretariat og forvaltninger","Ikast-Brande",2947
"Pr. indbygger, løbende priser (kr.)","I alt (netto)","6.45.51 Sekretariat og forvaltninger","Lemvig",3171
"Pr. indbygger, løbende priser (kr.)","I alt (netto)","6.45.51 Sekretariat og forvaltninger","Ringkøbing-Skjern",2498
"Pr. indbygger, løbende priser (kr.)","I alt (netto)","6.45.51 Sekretariat og forvaltninger","Skive",2372
"Pr. indbygger, løbende priser (kr.)","I alt (netto)","6.45.51 Sekretariat og forvaltninger","Struer",3029
"Pr. indbygger, løbende priser (kr.)","I alt (netto)","6.45.51 Sekretariat og forvaltninger","Viborg",2121
"Pr. indbygger, løbende priser (kr.)","I alt (netto)","6.45.51 Sekretariat og forvaltninger","Brønderslev",2579
"Pr. indbygger, løbende priser (kr.)","I alt (netto)","6.45.51 Sekretariat og forvaltninger","Frederikshavn",3729
"Pr. indbygger, løbende priser (kr.)","I alt (netto)","6.45.51 Sekretariat og forvaltninger","Hjørring",2486
"Pr. indbygger, løbende priser (kr.)","I alt (netto)","6.45.51 Sekretariat og forvaltninger","Jammerbugt",2402
"Pr. indbygger, løbende priser (kr.)","I alt (netto)","6.45.51 Sekretariat og forvaltninger","Læsø",10111
"Pr. indbygger, løbende priser (kr.)","I alt (netto)","6.45.51 Sekretariat og forvaltninger","Mariagerfjord",2657
"Pr. indbygger, løbende priser (kr.)","I alt (netto)","6.45.51 Sekretariat og forvaltninger","Morsø",3675
"Pr. indbygger, løbende priser (kr.)","I alt (netto)","6.45.51 Sekretariat og forvaltninger","Rebild",3372
"Pr. indbygger, løbende priser (kr.)","I alt (netto)","6.45.51 Sekretariat og forvaltninger","Thisted",2961
"Pr. indbygger, løbende priser (kr.)","I alt (netto)","6.45.51 Sekretariat og forvaltninger","Vesthimmerlands",3764
"Pr. indbygger, løbende priser (kr.)","I alt (netto)","6.45.51 Sekretariat og forvaltninger","Aalborg",2187
